Feature,current-ratio,gross-margin,operating-margin,ebit-margin,pre-tax-profit-margin,net-profit-margin,asset-turnover,receiveable-turnover,days-sales-in-receivables,roe,return-on-tangible-equity,roa,roi,book-value-per-share,day -1,day 0,day 1,day 2,day 3,sigma,headline_1,headline_2,headline_3,headline_4,headline_5,headline_6,headline_7,headline_8,headline_9,headline_10
Q1,1.1417,42.5065,30.7008,30.7008,31.2679,26.3775,0.2657,2.7117,33.1894,34.1583,34.1583,7.0086,13.2887,4.1458,0.015954276,-0.034970963,0.001971,-0.006458183,-0.015285105,0.019077589,2,2,2,2,1,1,2,2,2,1
Q2,1.163,39.7778,30.0918,30.0918,30.1322,25.8034,0.3148,1.901,47.3425,43.4208,43.4208,8.1216,17.3741,3.9365,-0.027639069,-0.026803873,-0.015431732,0.014695201,0.000220994,0.01825113,2,2,2,2,2,2,2,1,2,2
Q3,1.3636,38.1604,22.8369,22.8369,23.0316,19.5879,0.1998,1.7278,52.0889,19.3958,19.3958,3.9128,7.7272,3.8487,-0.011726449,-0.017714021,0.00502815,0.040041056,0.03283502,0.025924197,2,2,2,2,1,2,2,2,2,2
Q4,1.4695,37.9995,21.9335,21.9335,22.0106,18.854,0.1881,1.8608,48.3664,15.5682,15.5682,3.546,6.7655,4.2182,0.088324404,0.050369458,0.008581399,0.002242486,0.009350188,0.036934312,1,2,2,2,0,2,2,2,1,1
Q5,1.496,38.3619,22.0414,22.0414,22.525,19.2907,0.182,1.9009,47.3467,14.3436,14.3436,3.5109,6.7154,4.5343,-0.012877398,0.010149242,0.02016392,0.018135888,0.009144013,0.013115291,2,1,2,3,2,1,2,2,0,1
Q6,1.5978,38.3548,27.8472,27.8472,28.2273,24.2172,0.2696,2.2986,39.1546,24.8361,24.8361,6.5281,12.1768,5.1044,0.037207041,-0.012124378,0.001215908,-0.053208991,0.035542257,0.037457943,2,1,2,2,2,0,2,0,0,1
Q7,1.5401,37.9653,24.3988,24.3988,25.1827,21.371,0.1892,1.3981,64.3716,15.1247,15.1247,4.0429,7.5076,5.0913,0.010081431,0.009259649,0.03074006,-0.001088685,-0.001089871,0.01299778,2,2,1,1,2,0,2,2,2,0
Q8,1.5046,37.5904,21.4537,21.4537,22.1357,18.666,0.167,2.0325,44.28,10.413,10.413,3.1169,5.5372,5.3215,0.036035715,-0.011712368,-0.039916585,-0.037375451,-0.008521522,0.030587651,1,2,3,2,1,0,2,1,1,2
Q9,1.3154,37.6127,23.1233,23.1233,23.7749,19.9276,0.1696,2.2077,40.7657,10.921,10.921,3.3804,5.8966,5.7442,0.033034472,-0.000190644,0.00499135,-0.031796147,0.007752978,0.023180197,2,2,2,3,2,2,2,1,1,0
Q10,1.3006,37.9919,27.6907,27.6907,28.3549,23.6805,0.2256,2.2798,39.4768,16.935,16.935,5.3422,9.4674,6.2313,0.04382548,0.017367455,0.00510408,0.002691612,0.032036107,0.017611859,2,2,1,1,1,2,2,0,2,1
Q11,1.1329,38.2894,25.6248,25.6248,26.1065,22.4563,0.172,1.2838,70.1041,13.1828,13.1828,3.8622,7.0315,5.6334,-0.025372872,-0.011717946,0.019858963,0.019281735,-0.02132294,0.021952415,2,2,1,2,2,0,0,0,0,0
Q12,1.3073,38.3385,23.6778,23.6778,24.9395,21.6258,0.1525,2.0201,44.5514,10.021,10.021,3.2987,5.4315,5.9339,0.045356112,0.007255276,0.031650526,0.004674375,0.006326137,0.018428616,1,2,2,1,2,0,1,2,2,2
Q13,1.456,38.3107,25.9974,25.9974,26.4455,22.6082,0.1664,2.7284,32.9869,10.8939,10.8939,3.7611,6.0559,6.4167,0.051644728,0.0037026,0.013385087,0.038141226,-0.001026486,0.0227768,2,1,0,1,2,1,2,2,2,2
Q14,1.242,38.4085,29.7577,29.7577,30.614,22.7255,0.217,1.7347,51.8831,14.3118,15.1822,4.9325,8.2193,6.8973,-0.007023459,-0.042454815,-0.027205221,0.051974421,-0.01731754,0.03619342,1,0,1,1,2,2,1,2,1,2
Q15,1.2761,37.9068,24.9529,24.9529,26.4687,20.377,0.1401,1.4739,61.0618,7.9927,7.9927,2.8546,4.633,6.5373,0.043459533,-0.009411998,0.008894644,0.004303303,0.002573103,0.019907237,2,2,2,2,1,2,0,2,0,1
Q16,1.3883,38.513,23.7139,23.7139,24.9031,19.1971,0.1316,2.0064,44.8573,6.5826,7.0117,2.5254,3.9215,6.4038,0.066046389,-0.014099407,-0.006259574,0.006323211,0.009757465,0.031512827,2,0,2,1,1,0,2,0,0,0
Q17,1.3906,38.9273,26.6504,26.6504,27.7601,20.8504,0.1581,2.5663,35.0703,8.2256,8.7537,3.2968,5.045,6.439,-0.013304853,0.00636754,0.001636595,0.015349058,0.031960439,0.01676573,2,2,2,2,2,2,2,0,0,2
Q18,1.2282,38.5139,29.8133,29.8133,30.8611,22.8344,0.2366,2.8006,32.1365,13.5139,14.4144,5.4028,8.6872,6.2978,0.04739381,0.007450759,0.002575164,0.006370495,0.010859955,0.018386886,2,2,2,2,2,0,2,0,0,1
Q19,1.3527,38.0197,25.1025,25.1025,26.0138,19.2393,0.1456,1.5991,56.2817,7.0285,7.535,2.8021,4.4257,6.0085,-0.031346745,0.009403655,-0.013260219,-0.001933907,-0.00167322,0.015428628,2,2,0,1,2,2,0,0,1,0
Q20,1.3116,38.0235,23.8562,23.8562,24.7155,18.405,0.1386,2.2245,40.4594,6.1608,6.6195,2.551,3.9881,5.866,0.074130075,-0.0139065,0.013139022,0.002109313,0.015585218,0.033355512,2,0,2,0,1,2,2,1,0,1
Q21,1.2831,39.4031,27.6658,27.6658,27.9724,20.8003,0.1656,2.5503,35.2901,8.0609,8.6648,3.4447,5.2624,5.9532,-0.079176984,0.016631762,-0.037791583,-0.000212776,0.002444554,0.03890667,2,2,2,0,2,0,0,0,0,1
Q22,1.0017,40.0978,31.8576,31.8576,32.3874,24.2,0.2587,3.0816,29.2056,14.3147,15.4112,6.2605,10.1179,5.7835,-0.039705163,-0.023706531,0.010605678,0.017568164,-0.010943911,0.023732038,2,2,0,1,0,2,0,0,1,1
Q23,1.1088,39.8983,28.3936,28.3936,29.246,21.5996,0.1774,1.6973,53.0256,9.3201,10.081,3.8313,6.4418,5.3486,0.0131711,0.015023808,0.019108604,-0.001571569,-8.28E-05,0.009354669,2,2,0,1,2,1,1,1,1,1
Q24,1.0868,39.6754,28.3903,28.3903,29.1765,21.524,0.1816,2.4918,36.1179,8.4956,9.137,3.9088,6.1683,5.5069,-0.085281661,0.033928869,-0.006997462,-0.017954698,0.002353236,0.043895421,2,2,0,0,2,2,0,0,1,1
Q25,1.156,40.7792,31.5084,31.5084,32.0014,23.3908,0.2221,3.1937,28.1807,10.5181,11.2855,5.195,8.0253,5.597,0.016119171,-0.032502316,-0.01174669,-0.01994257,0.02660565,0.024837549,1,1,2,1,2,1,2,1,2,1
Q26,1.133,39.8678,32.5018,32.5018,32.7297,24.1612,0.2848,2.4886,36.1646,14.6147,15.765,6.8822,11.5663,5.2918,0.04530224,-0.01119907,0.017723724,-0.002960446,0.003804671,0.022137259,1,0,1,2,1,1,0,1,0,1
Q27,1.0801,38.0054,26.5057,26.5057,27.2345,20.1007,0.1817,1.5476,58.1561,7.5905,8.2373,3.6521,6.0249,4.7538,-0.003142428,0.005231908,0.011789809,0.002902465,0.009768911,0.005897365,2,2,1,2,2,2,0,0,0,1
Q28,1.4706,39.3647,27.4685,27.4685,28.0081,20.6989,0.1682,2.2227,40.4918,6.4065,6.7492,3.4819,5.1664,5.0483,0.007785393,0.016835093,-0.0019599,0.009965678,0.015318607,0.007451614,1,1,1,2,2,1,1,0,1,1
Q29,1.6326,39.3178,29.7792,29.7792,30.2721,22.3963,0.2216,2.8853,31.1922,8.5065,8.9522,4.9629,7.4544,4.9807,0.071389223,-0.006497597,0.014543164,0.035904849,-0.001854379,0.031886359,0,1,2,2,0,0,0,0,1,1
Q30,1.4943,37.931,30.3209,30.3209,30.748,22.6968,0.2558,2.2857,39.376,10.0799,10.5797,5.805,8.914,5.1897,-0.078069146,-0.009499316,-0.002801856,-0.014753923,0.014893235,0.035369615,2,2,0,1,2,0,1,0,1,1
Q31,1.6786,37.017,26.7667,26.7667,27.0682,20.047,0.181,1.8154,49.5754,6.0802,6.3773,3.629,5.3463,4.907,-0.031559198,0.010319687,-0.001868403,-0.005587915,0.006656031,0.016464711,2,2,0,1,1,1,1,1,1,1
Q32,1.8783,36.8712,26.0482,26.0482,26.7106,19.534,0.1767,2.6257,34.2771,5.5937,5.8734,3.4525,4.9176,4.8495,0.029900575,0.004024486,-0.012328961,0.012555792,0.020567423,0.016156038,2,1,1,1,1,1,1,1,1,1
Q33,1.7837,37.4951,28.8008,28.8008,29.5966,21.8953,0.2239,3.2696,27.5266,7.0463,7.3464,4.9024,7.0463,5.1473,-0.026207374,0.043969931,-0.003459045,0.025631937,0.034250327,0.028989315,2,2,0,2,0,1,1,1,1,1
Q34,1.5433,38.6337,31.571,31.571,32.4186,23.9911,0.278,2.5314,35.5529,10.2697,10.7635,6.6695,10.2697,4.8437,-0.10084814,-0.018230363,-0.031165388,0.046129537,-0.003276917,0.053165003,1,2,2,0,1,1,1,1,1,1
Q35,1.4958,40.0406,30.4287,30.4287,30.2869,22.8633,0.2043,1.9241,46.7742,6.9563,7.2866,4.6705,6.9563,4.495,0.005598869,-0.003902471,-0.020977364,0.011433576,-0.028161705,0.016963959,2,2,2,2,1,1,1,1,0,1
Q36,1.5712,42.8119,33.044,33.044,33.8663,25.1949,0.215,2.4495,36.7421,7.8965,8.3022,5.417,7.8965,4.2581,-0.055724074,0.009183642,-0.008226727,0.027293218,0.020617863,0.033233288,2,1,1,2,1,1,1,1,1,1
Q37,1.583,47.3741,39.2589,39.2589,39.6366,29.6586,0.2596,2.846,31.6238,11.3388,11.8892,7.7001,11.3388,3.9152,0.090075706,-0.002227836,-0.015090324,-0.012087936,-0.02181536,0.046546781,0,1,1,1,1,1,1,1,1,1
Q38,1.5827,44.6831,37.4247,37.4247,37.7204,28.1959,0.3341,2.8108,32.0195,14.5069,15.2464,9.4202,14.5069,3.4501,0.066741405,-0.013469364,-0.009006473,0.003078462,0.021924735,0.032586401,2,2,1,1,2,1,1,2,0,2
Q39,1.6084,40.2547,30.8101,30.8101,31.0966,23.4277,0.2429,2.4127,37.3021,8.6445,9.1753,5.6913,8.6445,2.9445,-0.008106263,0.014333264,-0.011251594,-0.001440209,-0.012527812,0.011007142,2,1,0,1,1,1,1,2,2,1
Q40,1.7461,41.7276,32.827,32.827,33.429,25.5784,0.2676,2.4907,36.1342,10.5389,10.8374,6.8454,10.5389,2.6718,0.046823036,-0.023421734,0.003534234,0.005213979,0.024420828,0.02615811,0,2,1,0,2,1,2,1,1,1
Q1,1.6606,21.3206,5.7176,5.7176,5.1304,4.216,0.1961,5.4968,16.3731,1.9444,1.9864,0.8759,1.4096,24.7809,-0.030475359,0.004441575,-0.046705851,0.052819955,-0.035961446,0.040584926,0,2,2,2,2,1,1,2,2,2
Q2,1.8751,19.2293,5.3518,5.3518,3.5276,2.513,0.206,5.6967,15.7986,1.2828,1.3123,0.5676,0.9057,24.0365,0.028777182,-0.016872005,-0.013515924,-0.037683812,-0.013856567,0.02419988,2,1,2,1,2,2,2,3,0,0
Q3,1.6346,23.5207,9.2236,9.2236,6.3277,3.4204,0.192,4.992,18.0287,2.1845,2.254,0.8076,1.3419,17.8186,-0.024501187,0.029042381,-0.017328813,-0.015778895,-0.007492133,0.021148973,2,1,2,2,2,1,3,2,2,0
Q4,1.2499,20.9907,5.4175,5.4175,2.4851,1.723,0.1583,4.0646,22.1422,1.2029,1.2627,0.3383,0.609,11.5312,0.046963336,-0.001996592,-0.008698636,0.017982482,-0.044403772,0.033767144,1,2,0,3,2,2,0,0,0,2
Q5,1.2425,20.6182,4.7285,4.7285,1.1696,0.2673,0.1607,4.6978,19.1579,0.6773,0.714,0.1826,0.3275,10.8541,0.079075543,-0.124605884,-0.074209884,0.119259175,-0.016970378,0.102147576,2,2,2,2,2,2,2,2,2,1
Q6,1.1346,18.838,4.8619,4.8619,2.3564,1.422,0.2152,5.577,16.1376,1.7678,1.9048,0.3847,0.6911,8.2508,-0.047425887,0.059374192,0.066797132,0.092865898,-0.012585622,0.059078346,2,2,0,2,0,0,0,0,0,1
Q7,1.0783,18.8958,4.1409,4.1409,2.7923,2.2688,0.1922,5.5878,16.1066,2.1796,2.3641,0.4574,0.8244,7.6467,-0.023320472,-0.022086596,0.000319445,0.010231747,-0.004816856,0.014533322,2,2,0,2,1,2,1,0,0,0
Q8,1.0619,14.5039,-2.6299,-2.6299,-5.8268,-6.4252,0.1992,5.5357,16.2581,-5.9206,-6.3881,-1.2205,-2.1848,7.3362,0.000748891,0.025262818,0.042452196,-0.001441361,-0.047688325,0.034067768,2,2,0,1,2,2,1,1,0,0
Q9,0.8307,12.4642,-11.4953,-11.4953,-14.2039,-15.6353,0.1571,4.3374,20.7499,-12.2174,-13.0475,-2.3104,-4.3787,6.2961,-0.044123551,0.025947176,-0.013349854,0.027542663,-0.006784135,0.0299157,2,2,2,2,1,2,0,2,0,2
Q10,0.8313,19.9632,5.7344,5.7344,3.2109,1.9387,0.243,7.6144,11.8198,3.6535,3.89,0.7072,1.3873,6.6555,-0.007038023,-0.008577804,-0.024552646,0.011546413,-0.019284492,0.013893782,2,2,2,1,1,1,2,2,1,2
Q11,0.8103,22.3329,6.0961,6.0961,3.9713,4.5574,0.2332,5.9082,15.233,4.7904,5.1359,0.868,1.6962,6.1806,0.016070737,-0.00947047,-0.004208483,0.012514579,0.014916987,0.011904983,2,2,1,3,3,2,1,1,1,2
Q12,0.7329,15.4646,-15.5261,-15.5261,-18.2148,-17.9285,0.1434,7.023,12.815,-15.7101,-17.0233,-2.6611,-5.2153,5.545,-0.006779399,-0.004700504,0.070864127,-0.00963745,-0.032106121,0.039214871,2,2,2,0,0,0,0,0,0,1
Q13,0.738,13.3928,-17.513,-17.513,-22.8536,-20.8156,0.125,5.2214,17.2369,-14.7637,-15.9904,-2.8771,-5.5733,6.2616,0.049967354,0.011031365,-0.001297369,0.023326867,0.00065021,0.02100155,2,2,2,0,2,2,1,0,2,0
Q14,0.8561,13.3587,-18.1862,-18.1863,-23.7151,-20.555,0.1148,6.3807,14.105,-14.7333,-16.0244,-2.6914,-5.2633,6.2022,0.036002469,0.01616956,0.007749289,-0.010383548,-0.021675797,0.022583646,2,1,1,1,2,1,2,2,0,0
Q15,1.0927,15.0482,-17.941,-17.941,-22.4965,-20.7519,0.1062,4.9112,18.3256,-11.6224,-12.5281,-2.3879,-4.3698,6.874,-0.002101287,0.024733329,-0.019671089,0.01477307,-0.009868476,0.018071813,2,2,2,2,2,1,2,0,2,0
Q16,0.9714,23.8968,-8.6364,-8.6364,-13.8294,-12.0592,0.1071,6.1506,14.6326,-6.4593,-6.933,-1.5414,-3.0088,7.4489,0.004824293,0.029390909,0.000503518,0.009658687,0.001660708,0.01182687,2,2,2,1,0,2,1,2,2,1
Q17,1.1253,24.773,-9.5521,-9.5521,-13.7932,-12.2494,0.1076,6.123,14.6986,-6.8517,-7.4001,-1.5853,-3.064,7.0622,0.03861381,0.005705855,0.006411074,-0.022055409,-0.00248435,0.021909499,0,1,0,1,2,2,1,0,2,2
Q18,1.0743,19.0524,-11.6736,-11.6736,-9.1218,-5.311,0.1008,4.5771,19.663,-3.9629,-4.2517,-0.9684,-1.9223,6.8557,0.040096012,-0.017742377,0.004116251,-0.01135073,0.016045763,0.023083982,0,2,2,2,1,0,0,0,2,2
Q19,1.267,27.703,3.7252,3.7252,1.3057,0.9519,0.1825,7.0311,12.8003,0.8162,0.8162,0.1737,0.426,3.5782,-0.041181922,-0.005540156,0,0.023995487,0.001032602,0.023501957,2,2,2,0,0,2,0,0,1,1
Q20,1.3816,21.6356,-18.7431,-18.7431,-22.798,-23.0854,0.107,7.1112,12.6561,-11.6331,-11.6331,-2.4702,-5.6628,3.4055,0.018916922,-0.008733713,-0.005188879,0.006240964,-0.009110726,0.01206342,2,1,0,1,2,2,1,1,1,0
Q21,1.0163,22.0102,-21.6403,-21.6403,-24.2728,-24.6081,0.1248,3.6064,24.9554,-29.0888,-29.0887,-3.0709,-8.071,1.4498,-0.03860906,0.000192784,0.01837621,-0.017461406,0.001779178,0.021686583,2,0,2,1,2,0,1,0,1,1
Q22,0.9897,17.998,-21.4376,-21.4376,-25.9679,-26.3836,0.1505,7.1872,12.5223,-29.565,-29.9188,-3.9712,-10.1646,1.6492,-0.019547188,0.033583131,0.054729925,0.019418029,0.009569424,0.027671173,1,2,2,2,1,2,0,1,1,1
Q23,1.1743,24.7117,-19.6055,-19.6055,-24.3464,-24.5368,0.1241,7.8089,11.5253,-17.4843,-17.4843,-3.0455,-6.8774,2.0086,0.015647847,0.000520254,0.009877373,-0.04167362,-0.025882426,0.024518632,2,2,1,1,1,2,1,2,2,1
Q24,1.1024,22.343,-17.8212,-17.8212,-18.9596,-19.2913,0.1476,6.8878,13.0666,-25.7324,-25.7324,-2.8482,-6.6615,1.1266,-0.024173819,-0.022544673,-0.004207891,-0.009107345,0.020469908,0.018022513,0,2,2,1,1,1,1,0,1,0
Q25,1.3325,27.6709,-10.8999,-10.8999,-16.0809,-16.4043,0.1536,4.6982,19.1564,-18.6661,-18.6661,-2.5193,-5.5457,1.3074,0.001270381,0.016037286,0.030757776,-0.011331654,-0.003641976,0.016789178,2,1,2,1,2,2,2,1,1,1
Q26,1.5092,27.3553,-7.823,-7.823,-10.8622,-11.2508,0.1641,4.2217,21.3183,-11.8055,-11.8055,-1.846,-3.8596,1.4508,-0.004597253,0.014115635,-0.020508535,-0.029488292,0.012321495,0.019389441,2,2,2,2,2,0,0,1,0,2
Q27,1.8279,29.5668,-4.5937,-4.5937,-8.333,-8.7706,0.1567,5.4293,16.5766,-7.7976,-7.7976,-1.3739,-2.6495,1.5285,0.032309619,-0.012798869,0.014284172,0.029132455,0.003597564,0.018629875,2,1,0,0,1,0,0,0,1,0
Q28,2.184,27.6851,-3.7373,-3.7373,-7.8963,-8.0458,0.1522,7.9637,11.3013,-6.4998,-6.4998,-1.2247,-2.2111,1.5288,0.004149387,0.017053987,0.010125494,0.015113043,0.001830328,0.006638785,2,2,2,2,1,0,1,0,0,1
Q29,2.2328,24.9988,-7.0853,-7.0853,-7.8949,-8.0252,0.1379,8.5734,10.4976,-5.4602,-5.4602,-1.1066,-1.9805,1.4706,-0.011827955,0.022050165,-0.00059841,0.027851926,0.005436307,0.016305391,2,3,0,1,1,1,0,1,1,1
Q30,1.875,25.4529,-2.1705,-2.1705,-2.4229,-2.6436,0.2545,12.5276,7.1841,-2.4379,-2.4379,-0.6729,-1.2846,1.0839,0.117125807,0.010272687,-0.04541786,-0.050903364,0.085661726,0.075977381,1,0,0,1,1,1,1,0,0,1
Q31,1.0422,23.8481,-7.0834,-7.0834,-8.7443,-8.9246,0.1991,9.0657,9.9275,-6.8235,-6.8235,-1.7771,-5.8989,0.9206,-0.054953785,0.032581851,0.025833596,-0.026969045,-0.013726226,0.036699252,2,1,0,0,2,1,0,1,1,1
Q32,2.3216,24.8021,-2.9106,-2.9106,-7.4545,-7.5288,0.2146,3.5681,25.2233,-4.846,-4.846,-1.6157,-2.5055,1.0367,-0.01271415,-0.019680583,0.000468335,-0.046411689,-0.045073054,0.020547247,0,1,1,1,1,1,1,1,1,0
Q33,0.982,17.1451,-0.994,-0.994,2.029,2.0022,0.4912,12.1761,7.3915,6.6721,6.6721,0.9834,1.9809,0.2928,-0.00672535,0.150842965,0.151306779,-0.141355185,0.146436747,0.131393317,2,2,1,0,2,0,1,1,1,1
Q34,0.9734,7.7876,-29.6688,-29.6688,-29.4063,-29.358,0.2749,11.4124,7.8861,-72.1195,-72.1195,-8.0716,-16.7735,0.2184,0.019267395,0.008708326,0.021058906,0.000771511,0.002567393,0.009342569,0,1,0,0,0,1,1,1,0,1
Q35,0.7375,-17.4856,-216.4698,-216.4698,-220.9165,-221.148,0.0619,5.4675,16.461,397.5031,397.5031,-13.6934,-28.2224,-0.0527,0.012660385,0.000322582,-0.013309766,-0.010182351,0.032480902,0.018706128,2,1,1,1,1,2,1,1,1,1
Q36,1.1068,17.8667,-398.3604,-398.3604,-395.8054,-396.2143,0.0343,2.4179,37.2217,-169.7387,-169.7387,-13.5934,-22.804,0.1181,-0.041953995,0.00223299,0.023876269,0.043330633,0.038525274,0.034732714,0,1,1,2,2,1,1,1,1,1
Q37,1.5225,33.8449,-294.2387,-294.2387,-297.7227,-297.9183,0.0396,2.22,40.5413,-58.4069,-58.4069,-11.8083,-18.0498,0.2926,0.084450333,-0.014665664,-0.017699627,-0.053406029,-0.022728277,0.052233424,2,2,0,1,1,1,1,1,1,1
Q38,1.9486,19.8984,-205.5263,-205.5263,-206.6692,-206.9562,0.0552,4.1278,21.8034,-36.3717,-36.3717,-11.4219,-16.4555,0.4287,-0.024247201,0.006860579,0.00504077,-0.008912706,0.026212658,0.018854938,1,1,0,0,1,1,1,0,1,1
Q39,2.673,29.8686,-111.8111,-111.8111,-112.7025,-112.8533,0.0824,3.1598,28.483,-22.1265,-22.1265,-9.2935,-12.5203,0.5646,0.033901519,-0.002427154,0.016867868,0.030011077,-0.025243478,0.024563673,1,1,2,0,1,1,0,2,1,0
Q40,3.0112,31.8165,-100.9764,-100.9764,-101.0194,-101.2584,0.09,2.4958,36.0613,-16.9042,-16.9042,-9.1159,-12.1955,0.6702,0.062873201,0.039070462,-0.018578743,0.00990108,-0.054109303,0.046216633,1,0,1,0,0,1,0,1,0,1
Q1,4.0904,63.1021,30.1219,30.1219,29.4024,29.1225,0.1738,2.0597,43.6958,8.6249,14.6241,5.0606,6.3744,27.2468,-0.021081491,0.008868078,0.001800181,-0.034677117,-0.047707903,0.023888052,2,2,2,2,2,2,2,2,2,3
Q2,3.9229,62.6322,29.581,29.581,28.5231,28.2692,0.1758,1.8562,48.485,8.7127,16.1353,4.9701,6.2732,24.7722,-0.006458722,-0.018929975,0.018094119,-0.021240032,-0.002185101,0.015768875,1,3,1,0,2,2,1,1,2,3
Q3,6.0917,58.8464,16.8391,16.8391,15.7527,16.089,0.1535,1.8551,48.5153,4.4703,9.0578,2.4702,2.9798,22.5511,-0.012405984,-0.026493496,0.018758256,0.054387381,-0.019832441,0.033605981,1,2,2,2,2,2,0,2,1,2
Q4,10.2911,65.0649,31.6883,31.6883,31.8507,29.7727,0.1325,1.6151,55.724,7.0005,7.4005,3.9434,4.5717,21.2992,0.006706365,-0.025313524,0.036874324,-0.059826319,-0.024976015,0.036616491,2,2,2,2,2,2,0,1,1,0
Q5,7.6738,64.8953,31.8841,31.8841,32.7214,30.628,0.1793,1.8739,48.029,7.7925,8.243,5.4923,6.6995,19.9412,0.036731245,-0.027815547,-0.11852709,0.022361763,-0.052913712,0.062334415,2,1,2,2,2,0,0,0,0,0
Q6,8.4203,63.57,30.7565,30.7565,31.8182,29.8275,0.1906,2.0715,43.4473,8.0168,8.5189,5.6863,6.8085,18.3235,0.002779845,0.003678691,-0.028097294,0.034419668,-0.018943362,0.024221311,2,2,2,1,2,2,1,2,2,1
Q7,8.6492,59.7519,22.1404,22.1404,23.4975,21.4036,0.1746,1.6521,54.4746,5.3406,5.709,3.736,4.4787,16.9721,-0.011011209,0.054949692,0.029494759,0.038489289,-0.000175899,0.0273617,1,2,1,1,2,2,1,1,2,2
Q8,8.9848,58.3784,16.1261,16.1261,17.5225,17.7478,0.1583,1.7874,50.3514,4.0602,4.3623,2.8101,3.3698,15.9343,-0.002757255,-0.005411204,-0.038262162,0.01075801,-0.004549874,0.018122797,2,1,2,2,2,1,1,0,1,2
Q9,7.9436,54.7392,13.3333,13.3333,14.6939,25.6689,0.1659,1.5485,58.1225,6.0587,6.5215,4.2582,4.9956,15.4158,0.007826285,-0.007572906,0.029338581,-0.025292556,-0.012570769,0.020996467,2,2,2,1,1,0,3,2,2,0
Q10,7.0808,60.3898,33.26,33.26,33.983,38.6671,0.2329,1.4335,62.7821,12.9815,13.9646,9.0064,10.7311,15.5328,-0.046381561,-0.187238363,-0.009412355,-0.188011714,0.14268302,0.13817967,2,2,1,2,0,1,2,2,2,0
Q11,7.4083,63.2405,37.0477,37.0477,37.7842,35.2546,0.2424,1.8791,47.8963,12.5185,13.5491,8.5468,10.2115,14.4655,-0.001411737,-0.034810412,-0.039350436,0.021640966,0.013986242,0.027870389,2,2,1,2,1,1,0,2,2,0
Q12,8.5425,64.4839,40.3804,40.3804,40.8793,38.7902,0.2798,2.6287,34.2376,16.1203,17.6604,10.8552,12.8208,12.7133,-0.020620979,-0.018554938,0.029161131,0.003268824,0.001409184,0.020167157,1,2,1,2,2,2,2,2,2,2
Q13,8.0269,61.8688,36.8602,36.8602,37.1007,38.4404,0.259,2.3012,39.1103,14.9779,16.4535,9.9546,11.8338,12.3284,0.004065046,-0.018796222,-0.059834363,0.0287668,0.019383693,0.035403668,2,2,2,2,1,2,1,2,1,0
Q14,8.2561,59.522,33.953,33.953,33.9909,31.7906,0.2682,2.2588,39.8445,13.1927,14.7769,8.5249,10.0492,10.4819,0.017303073,0.006055151,-0.006518915,0.007946456,-0.013714673,0.01230124,2,1,2,0,1,2,0,0,2,0
Q15,7.8198,58.3857,30.852,30.852,30.6727,26.1435,0.2372,1.8384,48.9552,9.7606,11.0438,6.2008,7.3223,9.955,0.004414142,0.035946661,-0.005581122,-0.009614564,-0.012165113,0.019681373,2,2,2,2,2,0,1,2,2,2
Q16,8.2564,59.3702,28.6009,28.6009,27.6717,26.1745,0.2058,1.9846,45.3485,8.2681,9.3473,5.3879,6.2385,10.3059,0.013911585,0.008978965,-0.006833787,-0.014896166,0.040981515,0.021604649,2,2,2,2,1,2,2,2,1,0
Q17,4.774,59.9632,33.7322,33.7322,33.41,30.1427,0.2208,2.6308,34.2108,11.3676,12.996,6.6558,8.4234,9.8496,-0.009684165,-0.014753294,-0.036849389,-0.01646844,0.007295918,0.015818151,0,2,2,2,2,1,0,0,0,2
Q18,4.0701,59.0319,31.8862,31.8862,30.988,27.0459,0.2085,2.4058,37.4102,10.1803,11.8186,5.6388,7.3661,9.8776,-0.008431592,0.004491486,0.007441269,-0.00584202,0.001383907,0.006754608,2,3,1,1,1,1,2,2,1,1
Q19,2.5575,57.8431,22.1989,22.1989,22.1989,18.2773,0.1914,2.2174,40.5882,5.8259,7.0086,3.4982,5.7237,8.3738,0.009403211,0.001426649,-0.018707109,-0.00436718,0.009518506,0.011711103,2,0,1,2,2,2,1,0,2,2
Q20,2.4358,57.5479,18.774,18.774,18.4674,15.9387,0.1836,2.4952,36.069,4.9571,6.0765,2.9263,4.8553,7.8577,0.024022549,-0.005509656,0.009895644,0.008714602,0.008639396,0.010453522,1,1,0,1,1,1,2,0,1,1
Q21,2.5746,56.3883,17.8444,17.8444,18.1299,14.8465,0.1901,2.7743,32.4411,4.6543,5.6445,2.8223,4.5554,8.2913,0.033295305,0.006949705,0.008992844,0.008616928,0.005899745,0.011552895,2,1,0,1,1,1,1,1,0,1
Q22,6.8234,56.2452,18.774,18.774,18.774,18.8506,0.1819,2.4347,36.9655,5.5095,6.6939,3.429,4.1823,8.2993,-0.002299219,0.02372165,0.006721132,0.009523857,-0.02333491,0.017373215,2,1,1,1,1,1,1,1,0,1
Q23,5.9915,54.987,6.5915,6.5915,6.2446,2.255,0.1652,2.2432,40.1214,0.6213,0.7699,0.3725,0.4646,7.7644,-0.00734821,-0.013980119,-0.032643164,-0.08190047,0.064476868,0.052821676,2,2,2,0,0,0,2,1,1,2
Q24,6.6048,56.7333,15.2911,15.2911,14.9435,11.6421,0.1579,2.5297,35.5778,2.9412,3.5896,1.8379,2.2483,8.4684,-0.007100694,0,-0.005239293,-0.008633162,0.005284692,0.005725032,1,1,1,2,2,1,2,1,1,0
Q25,6.3761,55.9552,18.5452,18.5452,18.2254,15.4277,0.1737,2.6392,34.1007,4.3685,5.3941,2.6802,3.3184,8.1064,-0.014892967,-0.004422846,0.014084727,0.001746765,0.014295237,0.012487708,2,1,0,1,0,0,1,1,1,2
Q26,5.7191,55.1837,17.3878,17.3878,17.0612,14.1225,0.1779,2.1743,41.3927,4.1145,5.2107,2.5124,3.091,7.7356,0.019593759,-0.011508735,0.032188944,-0.000975156,0.001949363,0.017442499,1,1,1,2,1,0,1,0,1,0
Q27,6.1902,56.1197,14.7779,14.7779,14.0526,11.6047,0.1591,2.3487,38.3194,2.9734,3.7636,1.8461,2.2492,7.9437,0.004153689,-0.005194738,-0.007843257,0.005757703,0,0.005851306,2,2,0,0,0,0,1,1,1,2
Q28,5.8732,54.7598,13.6899,13.6899,14.7779,12.4207,0.1607,2.7823,32.3476,3.2877,4.2202,1.9957,2.4698,7.4682,-0.00815885,-0.006025694,0.012015399,0.009724566,0.015471048,0.010898652,2,1,0,1,1,0,1,0,1,1
Q29,5.949,54.1476,14.5707,14.5707,14.74,12.8426,0.1578,2.6833,33.5404,3.297,4.1774,2.0263,2.5201,7.8458,0.009852313,-0.044550861,0.017499818,0.001118487,0.027021208,0.027818818,0,1,1,1,1,1,1,1,1,3
Q30,4.1076,55.4491,13.3769,13.3769,13.424,11.2654,0.1845,2.3545,38.224,2.7481,3.537,2.0789,2.7373,7.5996,-0.012722806,-0.010943146,-0.014341854,0.007848362,-0.011136707,0.009108507,1,1,2,1,2,1,0,1,1,0
Q31,4.1918,55.8245,10.7992,10.7992,11.4425,9.8694,0.1755,2.3372,38.5076,2.3117,3.0059,1.7317,2.3019,7.2108,-0.000672737,0.000672737,0.007370195,-0.000667731,-0.008048325,0.005479144,1,0,1,1,1,1,1,1,1,0
Q32,4.977,54.3152,8.6705,8.6705,9.2237,8.1584,0.152,2.7514,32.7103,1.6143,2.0246,1.2404,1.6082,8.3489,0.008716057,-0.051363568,0.022238627,0.006849303,-0.014438205,0.028754746,1,2,1,1,0,1,1,1,0,2
Q33,4.8916,52.9046,16.5844,16.5844,16.8134,15.7171,0.1726,2.4368,36.9343,3.6036,4.4904,2.7131,3.5895,7.8276,-0.000788276,0.004720659,0.006259796,-0.005475156,-0.015014077,0.008606466,2,1,1,1,1,1,2,1,1,1
Q34,4.4634,52.8737,20.9463,20.9463,21.0635,17.3639,0.1982,2.7062,33.2569,4.427,5.5746,3.4416,4.4087,7.5584,0,-0.000863205,-0.007802394,0.032537127,0.004203469,0.015654992,2,0,1,1,1,1,2,1,1,1
Q35,4.1233,51.7796,13.3704,13.3704,13.9052,11.3999,0.1772,2.345,38.379,2.673,3.435,2.0205,2.6609,7.1894,-0.01232044,0.006179161,-0.020747579,0.01937775,-0.024281483,0.018596849,2,1,1,0,1,1,1,1,1,1
Q36,4.256,50.1001,7.8741,7.8741,8.3357,6.5346,0.162,2.2495,40.0096,1.4096,1.8409,1.0588,1.4028,6.9286,-0.022232246,0.040788688,-0.033322859,0.04049136,-0.001588599,0.034619229,2,1,1,1,1,1,1,1,1,2
Q37,4.1995,51.4075,12.8323,12.8323,13.0694,12.1722,0.1717,2.8357,31.7384,2.7987,3.6502,2.0894,2.7843,6.7719,-0.015577728,0.009510965,-0.026028875,0.012413974,0.006149671,0.017072848,2,2,1,2,1,2,1,1,1,0
Q38,3.9474,52.216,18.4856,18.4856,19.2075,16.7207,0.2095,2.8718,31.3394,4.4866,5.9772,3.5031,4.462,6.5069,0.075825778,0.008751326,-0.045945693,0.017391743,0.021154007,0.043289268,1,0,2,1,0,1,1,1,0,1
Q39,3.4547,51.6749,17.1202,17.1202,17.4662,14.911,0.209,2.4206,37.1808,4.1083,5.5363,3.116,4.0834,6.1112,-0.032335387,-0.027768498,0.073648133,-0.00825518,0.037712363,0.045719963,1,1,0,2,1,1,1,1,1,2
Q40,3.5639,50.3621,16.0973,16.0973,16.266,14.0555,0.2031,2.8031,32.107,3.9219,4.8306,2.8547,3.8959,5.7436,0.028987483,0.050552257,0.003515023,-0.039882621,-0.017895222,0.036025124,1,1,1,1,1,1,1,1,1,2
Q1,2.294,68.7215,40.8766,40.8766,41.3274,37.0618,0.135,1.5845,56.8019,11.4918,20.1578,5.0042,8.3772,17.8531,-0.000305852,-0.02125027,-0.002423975,-0.022645469,0.014548845,0.015622469,2,2,2,1,2,1,2,0,1,1
Q2,2.5779,67.0489,41.5475,41.5475,42.569,35.897,0.1416,1.5772,57.0638,11.8731,19.4596,5.0842,8.3416,17.259,0.011887881,0.02613693,-0.010092775,0.001611556,-0.003948664,0.014260908,2,3,2,2,3,2,1,1,2,2
Q3,2.5276,70.3881,42.7303,42.7303,43.3978,37.393,0.1234,1.6259,55.3531,11.2592,19.1419,4.6156,7.6992,16.3131,-0.010624441,-0.01870015,-0.017487164,-0.002797103,0.003874515,0.009655114,2,2,2,2,2,1,2,0,2,2
Q4,2.5158,67.5571,35.251,35.251,35.2904,29.4534,0.1262,1.1881,75.7497,9.4688,16.4942,3.7178,6.2974,15.6259,-0.007434978,0.01677392,0.034240748,0.012450507,0.003402692,0.015566084,2,0,2,0,0,0,0,0,2,2
Q5,2.9043,68.6617,37.0492,37.0492,36.6723,30.7016,0.1227,1.5428,58.3339,9.3903,16.3947,3.7667,6.0621,15.0858,-0.013589241,0.038394381,-0.023609848,-0.007479538,0.034527885,0.028743689,2,1,2,2,2,2,3,2,2,2
Q6,2.8014,66.5149,37.6389,37.6389,38.1645,31.564,0.1305,1.5688,57.3687,10.5795,19.18,4.1193,6.7153,14.4671,0.024487066,0.036331509,-0.01062793,-0.010390089,0.038615765,0.024504363,2,1,2,2,2,0,2,0,0,2
Q7,2.8545,68.5191,38.3785,38.3785,38.3785,32.3037,0.1185,1.7318,51.9688,10.0678,18.9192,3.8279,6.1887,13.8932,-0.015153426,0.01817109,-0.000358792,0.035670221,-0.002218471,0.019852169,2,2,2,0,3,1,2,2,1,2
Q8,2.5288,69.1194,36.7915,36.7915,37.358,39.1108,0.1177,1.142,78.8077,12.8867,25.0923,4.6019,7.8033,13.3887,-0.024015879,0.007924694,-0.03530337,0.00374392,-7.48E-05,0.019002434,2,2,0,2,2,2,1,1,1,0
Q9,2.9685,66.7332,33.8262,33.8262,34.3005,28.8149,0.1161,1.5865,56.7273,9.2859,19.6192,3.3459,5.4562,12.3746,0.013526177,0.033382007,-0.002771796,0.001540809,-0.000693053,0.015026131,2,2,2,2,2,2,2,2,1,2
Q10,3.1177,61.7413,31.5913,31.5913,31.9824,25.9308,0.1254,1.6499,54.5471,9.1395,20.0147,3.2527,5.2046,11.9912,-0.002482049,-0.007868764,-0.000192738,-0.00880718,0.030538867,0.016227054,2,2,1,1,1,2,2,0,2,1
Q11,2.9176,65.9435,34.2284,34.2284,35.143,30.3397,0.1129,1.6725,53.8131,10.2644,20.7462,3.4252,5.6673,11.1936,0.005921074,-0.017305982,-0.008104083,0.022638929,-0.042032885,0.024377962,3,1,2,2,0,2,1,2,2,0
Q12,2.9008,67.6184,34.4989,34.4989,35.4994,29.4931,0.1162,1.1361,79.2186,10.7268,22.7618,3.4279,5.726,10.7748,0.022515036,0.00296406,0.004061246,0.007067855,0.003469664,0.008260635,2,2,1,2,2,2,2,2,0,0
Q13,3.3958,65.4387,30.9184,30.9184,32.2197,27.6819,0.1092,1.5585,57.7471,9.3691,21.1432,3.0241,4.8612,10.3042,0.002675945,0.042381392,-0.013097662,-0.032924814,0.018916598,0.02894962,2,1,1,2,2,1,2,2,1,1
Q14,2.8853,61.7401,30.0125,30.0125,31.7069,-21.7927,0.113,1.5692,57.3525,-8.0424,-18.5511,-2.4617,-4.154,10.17,0.004811524,0.011032263,-0.012206292,-0.033445049,-0.041369644,0.022970825,2,2,2,2,2,1,2,2,1,0
Q15,3.1198,66.2646,31.4125,31.4125,32.5373,26.7993,0.0985,1.6852,53.4066,7.3354,14.7246,2.6399,3.9638,11.6123,0.007859023,0.06323566,-0.00797298,0.007854422,-0.008093359,0.029412698,2,1,2,1,1,0,1,0,1,1
Q16,2.9186,66.9752,30.002,30.002,31.0799,31.5134,0.1023,1.1415,78.8436,9.1995,18.9935,3.2236,4.9266,11.3792,-0.007552324,-0.004974455,0.002904754,0.005509677,-0.00980071,0.006669262,2,0,2,1,1,0,2,0,0,0
Q17,2.8134,65.2766,28.9635,28.9635,30.5618,23.6343,0.1032,1.8019,49.9474,7.8676,22.3791,2.438,3.7588,9.0287,0.001027669,0.011090178,-0.003343318,0.014885726,-0.004745164,0.008771705,2,2,1,2,1,2,1,0,0,0
Q18,2.0477,61.6627,30.6087,30.6087,31.0617,24.2662,0.115,1.8006,49.9834,9.1078,26.9155,2.7902,4.8917,8.9016,0.002654831,0.019612962,0.004577412,-0.012715634,-0.007738779,0.012510762,2,2,1,2,1,1,1,0,0,0
Q19,2.6851,64.2284,30.623,30.623,31.1337,25.8437,0.1032,1.9703,45.6772,8.0529,11.5788,2.6665,4.3417,9.0406,0.000521854,0.047215406,-0.005656315,0.015067755,-0.000657523,0.021510345,1,1,2,1,2,2,2,2,0,0
Q20,2.3529,69.8314,33.9383,33.9383,34.9176,25.949,0.1367,1.4471,62.1949,9.5323,13.6192,3.5474,6.0975,9.2209,-0.010833968,0.004632082,0.006025185,0.004407235,-0.002994773,0.007127778,2,2,1,2,2,2,0,0,1,1
Q21,2.8954,62.3886,25.7318,25.7318,24.5288,18.2943,0.1129,1.6764,53.6861,5.021,7.1681,2.0652,3.2463,9.5052,-0.00874306,-0.072262409,-0.002507496,0.009227277,-0.015037854,0.031702228,2,2,2,0,0,0,1,0,1,1
Q22,2.9973,58.514,25.3236,25.3236,24.605,21.0876,0.1321,1.6403,54.8676,6.5356,9.1695,2.7863,4.2721,9.6883,-0.002888184,0.053864205,0.002737006,-0.013021787,-0.017129411,0.028588184,0,2,1,0,0,2,1,1,1,1
Q23,2.4627,64.6352,28.4263,28.4263,27.0524,24.0542,0.1179,1.7808,50.5403,6.3297,8.8232,2.8352,4.6569,9.6976,-0.008171851,0.095635292,0.004388055,0.027414464,-0.00836982,0.043572236,0,2,1,1,0,1,1,1,2,1
Q24,2.4734,66.33,-9.2561,-9.2561,-7.917,-14.4049,0.1271,1.2386,72.6655,-3.9896,-5.4794,-1.8312,-2.9613,9.9767,0.022021255,-0.006576907,-0.004907714,0.025969992,-0.005643248,0.016340549,1,2,1,1,0,0,0,2,2,2
Q25,2.9056,67.044,30.3465,30.3465,29.9922,22.9417,0.123,1.7485,51.4718,5.5308,8.1135,2.8214,4.2326,11.1096,0.00514263,0.062583953,0.033806636,0.011577842,0.019482532,0.02282263,1,2,1,2,2,1,0,0,1,1
Q26,2.4541,61.7076,29.3767,29.3767,29.6562,22.1496,0.1514,1.6354,55.0336,6.3812,9.3472,3.3532,5.3233,11.1802,-0.007630402,-0.090110936,-0.004901377,-0.043271991,0.015034205,0.041457143,2,1,1,1,1,1,2,0,1,1
Q27,2.5158,64.3421,25.1886,25.1886,25.4127,19.5681,0.1368,1.8003,49.9905,5.0349,7.1613,2.676,4.1789,10.9231,-0.008480325,0.048341897,-0.02420699,0.003276218,0.012567837,0.027226295,1,2,1,0,1,0,0,0,1,1
Q28,2.504,67.3552,27.7222,27.7222,28.1285,19.7246,0.1356,1.1964,75.2271,5.1368,7.3585,2.6754,4.1764,10.8974,-0.015780742,-0.003926601,-0.005569703,0.007881361,-0.013248298,0.009291045,0,2,0,0,1,1,1,1,1,1
Q29,3.2152,70.7004,34.1813,34.1813,34.0979,27.741,0.1307,1.5117,59.5368,6.4742,8.1121,3.6254,5.2357,10.584,-0.006271185,0.013745043,-0.003729994,0.023634756,-0.017178262,0.016393991,0,1,2,2,0,0,0,0,1,1
Q30,3.1673,66.059,32.5013,32.5013,32.1302,26.7466,0.1597,1.5338,58.6786,7.7062,9.7192,4.2711,6.1999,10.253,-0.004699336,0.036990907,-0.015608547,-0.020551484,-0.003883483,0.02269066,2,0,2,2,2,1,0,1,1,1
Q31,2.8724,72.2327,34.1843,34.1843,34.5836,28.3016,0.1302,1.6834,53.4638,6.4232,8.1948,3.6839,5.5626,9.7821,-0.01554964,0.059127733,-0.007553553,0.000561495,-0.002810634,0.029895633,2,1,1,0,1,1,1,1,1,1
Q32,2.7118,71.16,30.5237,30.5237,30.8856,24.9548,0.1397,1.1378,79.0983,6.2893,8.112,3.4859,5.4236,9.4793,0.009802493,0.005960759,0.002811248,-0.011607999,0.006604807,0.008382358,2,2,2,2,1,1,1,1,1,1
Q33,2.9291,76.6363,37.1516,37.1516,37.1077,29.5524,0.1528,1.7087,52.6717,7.8956,10.3036,4.5151,6.8312,9.1853,0.003460224,0.022879607,0.02269785,0.013114992,-0.002609262,0.011405806,1,2,1,1,1,1,0,1,1,1
Q34,2.8071,73.4713,36.2183,36.2183,36.2137,29.7213,0.1667,1.4986,60.0545,8.7867,11.6992,4.9556,7.5447,8.6668,0.018215439,-0.004341571,0.015470728,-0.006806422,0.006806422,0.011296333,1,2,2,0,1,1,1,1,1,1
Q35,2.6766,73.963,33.1584,33.1584,34.5702,27.8986,0.1313,1.6217,55.4966,6.4879,8.766,3.6644,5.6856,8.1734,0.011874623,-0.020443656,-0.0110766,-0.033985539,0.013946208,0.020713372,1,2,1,1,1,1,1,1,1,1
Q36,2.6029,76.9478,1.0632,1.0632,1.9879,-2.7244,0.1489,1.1444,78.6422,-0.7414,-0.9891,-0.4057,-0.6383,7.9183,-0.000342064,0.008516488,0.00911708,-0.00911708,0.00372442,0.007490739,2,0,0,1,1,1,1,1,1,1
Q37,2.937,77.2965,36.6175,36.6175,36.5543,29.3445,0.1475,1.5881,56.672,7.4397,11.0551,4.3284,6.3377,8.1737,-0.00480698,0.032240541,0.004964324,-0.003099887,-0.00904416,0.016557223,2,0,0,1,2,1,1,1,1,1
Q38,2.8579,73.0046,38.2763,38.2763,39.4494,31.7165,0.1861,1.5308,58.792,10.3305,15.8204,5.9015,8.7097,7.6498,-0.005312554,0.023167054,0.025014138,-0.002710945,-0.013666069,0.017637972,2,0,1,2,2,1,2,1,0,1
Q39,2.9468,78.2581,41.4633,41.4633,42.0562,33.0302,0.1617,1.711,52.6002,9.6614,12.5207,5.3419,8.0457,7.062,-0.004027119,-0.004043402,-0.003320429,0.000738842,-0.00184806,0.002018812,2,2,1,1,1,1,1,1,1,1
Q40,2.6037,78.6492,35.5329,35.5329,36.3851,33.8228,0.1598,1.1588,77.6663,10.2903,13.4238,5.4037,8.5125,6.8151,-0.021389188,0.008392661,-0.000363446,-0.019453749,-0.005575172,0.012677299,2,2,1,1,1,1,1,1,1,1
Q1,1.052,42.4953,8.1692,8.1692,9.462,7.4707,0.3359,4.4678,20.1442,7.8465,9.202,2.5093,5.9968,205,0.005695433,-0.011523951,-0.037584176,-0.005176921,-0.020839479,0.01639218,2,2,2,2,2,1,2,2,0,2
Q2,1.0502,36.8532,5.4741,5.4741,6.1845,5.7521,0.3909,5.1159,17.5921,7.732,9.2133,2.2485,5.7674,185.6938,0.013228685,-0.02813209,-0.003308771,0.011830913,-0.013794276,0.017508588,2,2,2,2,2,3,0,2,2,1
Q3,1.1085,40.6043,6.4424,6.4424,7.082,6.5848,0.3407,4.6153,19.5006,7.6484,9.3357,2.2436,5.4717,164.8904,-0.013687864,-0.03087637,-0.014213411,0.045798892,0.049386878,0.037464052,2,2,2,2,1,2,2,2,2,0
Q4,1.1812,40.7729,6.5717,6.5717,6.9968,5.8968,0.3442,4.4639,20.1617,7.1113,8.8899,2.0297,4.9066,147.1617,0.073539036,-0.019765572,-0.025249219,0.013630378,0.015964066,0.039374081,1,2,2,2,0,2,2,2,1,1
Q5,1.0787,41.3442,5.2868,5.2868,4.4836,3.3598,0.341,4.2303,21.275,3.8837,5.0165,1.1458,2.8577,130.8056,-0.034918966,-0.035020786,0.036389222,-0.004523059,0.019276944,0.031981874,2,2,1,2,2,2,2,0,1,0
Q6,1.097,38.2676,4.4375,4.4375,4.6365,3.7375,0.3882,4.2005,21.4262,5.2659,6.9082,1.4508,3.8234,124.6185,0.099055955,-0.020123422,0.009543508,0.020064569,-0.014591557,0.047849578,2,1,1,2,0,0,1,0,0,0
Q7,1.0959,40.9811,4.5112,4.5112,3.761,3.0494,0.3515,4.1441,21.7178,3.7765,5.1084,1.0718,2.702,114.1576,-0.042409093,0.029320571,0.015186773,-0.00824325,0.008907851,0.027543781,1,2,2,0,2,1,2,2,0,2
Q8,1.1021,42.6897,4.864,4.864,4.5565,4.1401,0.3313,3.786,23.7718,4.9471,6.8477,1.3718,3.4363,107.4109,-0.029928686,-0.006198367,-0.020350759,0.003689403,-0.014000868,0.012901297,2,2,2,1,0,0,0,0,0,0
Q9,1.0901,43.1826,7.4037,7.4037,7.3719,5.9648,0.3352,3.7362,24.089,7.3559,10.5661,1.9994,4.9643,98.3943,0.00624027,0.010314687,-0.009744618,0.001547939,-0.010274585,0.009320945,2,2,2,2,2,2,1,3,2,2
Q10,1.0981,38.1264,5.2319,5.2319,4.6282,4.1819,0.445,4.3403,20.736,6.9508,10.4376,1.8611,4.5149,88.6945,-0.0324004,-0.009736796,0.012454447,0.016541892,-0.027764812,0.022414106,2,1,2,2,2,2,0,1,1,0
Q11,1.0824,41.6661,6.5823,6.5823,5.9919,5.0958,0.3937,3.968,22.6814,7.3687,11.7329,2.0063,4.5182,80.0102,-0.032064258,0.006290851,-0.110621967,0.054873609,0.033533565,0.06515357,1,2,2,2,2,2,2,2,2,2
Q12,1.0724,42.0792,5.6404,5.6404,4.9257,4.7914,0.3944,4.195,21.4543,7.241,12.0374,1.8896,4.2493,71.8583,0.019946583,-0.026312668,-0.022603066,-0.001394761,0.00267021,0.01908408,2,2,2,1,0,0,2,2,0,0
Q13,1.0579,39.7849,3.7753,3.7753,3.7538,3.1915,0.4039,4.2443,21.2049,5.1775,9.0124,1.2892,2.9036,64.8722,0.09561561,-0.032031247,-0.012258097,0.011297118,-0.013352658,0.050346311,1,2,2,2,2,2,2,0,1,1
Q14,1.04,36.3241,3.5168,3.5168,3.095,3.0702,0.4604,4.5923,19.598,6.6982,12.9257,1.4134,3.5385,57.25,0.022167706,-0.051935115,-0.029784288,0.062316039,-0.013422983,0.04504584,1,0,1,1,2,2,1,2,1,2
Q15,1.032,37.0222,0.7933,0.7933,0.7224,0.5852,0.3795,4.1436,21.7202,1.0382,2.2482,0.2221,0.5186,51.1577,0.076378676,0.034250841,0.012695204,-0.003251426,-0.006889943,0.03414652,1,2,0,2,2,2,1,2,1,2
Q16,1.012,38.2137,1.6546,1.6546,1.7547,0.519,0.4324,4.7173,19.0789,0.8486,1.039,0.2244,0.6376,48.3625,-0.055171129,0.006803893,-0.022768409,0.005666055,-0.002298625,0.026112395,2,2,2,2,2,2,1,2,2,1
Q17,1.0551,37.1675,2.814,2.814,2.6684,2.0272,0.4411,4.873,18.4692,3.3404,4.0558,0.8942,2.4655,45.3431,0.036972472,-0.022413485,0.020113283,-0.000686893,-0.001322227,0.022708567,2,2,0,0,1,1,0,0,1,0
Q18,1.0448,33.7944,2.8692,2.8692,2.6657,1.7124,0.5245,5.2454,17.158,3.8838,4.8319,0.8981,2.7762,40.4298,0.002698439,0.009423532,0.006448471,-0.003590668,0.009356602,0.005469332,2,2,0,1,2,1,1,1,3,2
Q19,1.063,35.0125,1.7577,1.7577,1.5009,0.7703,0.4614,4.9823,18.0638,1.4172,1.8043,0.3554,0.9697,37.4358,-0.06106381,-0.001241142,0.022747347,-0.019041224,-0.024378546,0.030933816,2,2,0,0,1,0,2,0,1,0
Q20,1.089,36.9162,4.2264,4.2264,3.8778,2.8187,0.4672,4.9908,18.0332,5.182,6.7142,1.3169,3.4626,34.8903,0.02517707,-0.006728474,0.005171704,-0.008876557,-0.00444808,0.01399359,2,2,1,1,1,1,0,1,0,1
Q21,1.0825,35.2307,3.6769,3.6769,3.6254,1.7612,0.4765,5.7429,15.6715,3.4766,4.676,0.8392,2.2329,31.2627,0.078789775,-0.003128036,0.020041233,-0.022046429,0.016049406,0.037925787,2,1,0,1,1,0,0,0,1,0
Q22,1.0536,31.9057,3.0996,3.0996,2.6241,1.3484,0.5521,6.3223,14.2354,3.6013,5.0078,0.7444,2.2303,28.4161,-0.06167925,0.010729401,-0.014197032,-0.029374609,-0.05286349,0.02929998,0,1,0,1,2,2,0,0,2,0
Q23,1.0822,33.9262,1.6011,1.6011,0.9741,0.3115,0.451,4.6614,19.3075,0.6356,0.8875,0.1405,0.3821,26.5032,0.093223864,-0.025214872,0.010405558,0.006061141,0.008780584,0.044184963,1,1,2,1,0,2,2,0,2,1
Q24,1.1037,34.6129,2.0013,2.0013,1.5614,0.3968,0.4421,4.7124,19.0986,0.7818,1.1158,0.1754,0.4596,25.1453,0.163497761,-0.092662503,0.015511474,-0.009522843,-0.006178087,0.093125118,2,2,2,2,2,2,2,1,1,0
Q25,1.1184,32.2314,1.1225,1.1225,0.0924,-0.2509,0.4537,4.7605,18.9057,-0.5242,-0.7721,-0.1138,-0.298,23.3326,0.117814379,0.011009751,-0.012126526,-0.027184277,0.000843195,0.057565899,0,1,2,2,0,0,0,2,1,1
Q26,1.1153,29.5179,2.0151,2.0151,1.4662,0.7297,0.5381,5.2259,17.2218,1.9924,2.8833,0.3926,1.126,23.0989,0.12793705,0.010712742,0.02883332,-0.005315397,0.021039444,0.052611669,1,2,0,1,1,0,2,1,1,1
Q27,0.8911,28.9227,-2.6435,-2.6435,-3.0808,-2.1235,0.5091,4.7059,19.1248,-4.2279,-6.2393,-1.0812,-3.2527,22.324,-0.097098634,0.004560675,0.014110676,0.031758322,-0.017299575,0.050342644,2,2,1,1,0,2,1,1,1,0
Q28,1.0002,30.7187,-0.0776,-0.0776,-0.1396,-0.6515,0.5103,4.6885,19.196,-1.1885,-1.5899,-0.3325,-0.9183,22.9481,-0.126200845,0.021667163,-0.007025357,-0.001647417,-0.004489773,0.058518942,2,2,1,0,1,1,0,1,1,0
Q29,1.0528,28.803,0.7396,0.7396,0.6079,0.5471,0.5429,5.0041,17.9854,1.0457,1.4072,0.297,0.8015,22.4522,-0.041559155,-0.039505339,-0.025182856,0.005584176,0.020026236,0.027630515,2,2,0,0,1,1,1,1,0,1
Q30,1.0716,26.5028,1.9933,1.9933,1.7627,0.938,0.6371,5.3673,16.7682,2.4625,3.3846,0.5976,1.8551,21.2331,-0.057518444,-0.034981804,-0.026505678,-0.010322254,0.004038061,0.023547723,2,1,0,0,1,1,1,1,1,1
Q31,1.0743,27.6504,-0.1463,-0.1463,-0.2516,-0.2399,0.5365,5.5911,16.097,-0.4512,-0.6355,-0.1287,-0.338,19.8406,0.08423675,0.003674244,-0.002670884,0.010144503,-0.002457333,0.03707532,0,0,0,1,1,2,1,1,1,1
Q32,1.1052,28.6233,0.5031,0.5031,0.1083,-0.0446,0.5301,5.489,16.3965,-0.0802,-0.1144,-0.0236,-0.0594,19.1094,0.001837734,0.037736683,-0.010827708,-0.012458666,-0.002734864,0.020436694,1,1,1,1,1,2,1,1,1,1
Q33,1.1382,26.565,1.1263,1.1263,0.504,0.5103,0.5663,6.3871,14.0909,0.9725,1.3905,0.289,0.7148,18.5319,-0.00576178,-0.057439559,-0.02193357,0.018002747,-0.019728551,0.027467892,2,2,1,0,0,0,1,0,1,1
Q34,1.1207,24.1255,1.9043,1.9043,1.5798,0.4608,0.6533,5.5719,16.1524,1.1963,1.7376,0.301,0.8691,18.0441,0.02740386,-0.043180455,-0.007815348,-0.02313392,-0.002972672,0.026108567,2,1,0,1,1,2,1,1,1,1
Q35,1.0407,25.2571,-0.2028,-0.2028,-0.1594,-1.9846,0.6046,5.7717,15.5932,-3.6277,-5.4658,-1.2,-2.6787,16.6733,-0.010097544,0.033213072,-0.008883329,-0.000939694,-0.008454084,0.018382428,0,2,1,1,1,1,1,1,1,1
Q36,1.0756,26.0714,0.8337,0.8337,1.1376,0.0545,0.6105,6.3066,14.2707,0.0933,0.1404,0.0333,0.0696,16.604,0.02358335,0.050849245,-0.00804916,-0.004091757,-0.015408103,0.027482482,2,0,1,1,1,1,1,1,1,1
Q37,1.1588,23.9515,1.4562,1.4562,0.6371,0.986,0.6483,7.2725,12.3754,1.7879,2.4524,0.6392,1.3197,16.1578,0.149705327,-0.00392177,0.024044379,-0.006911302,0.008392383,0.065677317,0,1,1,1,1,1,1,1,1,1
Q38,1.1741,20.6586,1.4916,1.4916,1.5604,1.0097,0.6896,6.7799,13.2746,2.2689,3.0334,0.6963,2.1967,17.0484,-0.109895425,0.033047745,0.01754629,0.018694142,-0.019679192,0.058066515,0,1,2,1,1,0,2,2,1,2
Q39,1.3259,23.4553,0.7264,0.7264,1.1953,0.5793,0.5708,7.2701,12.3796,0.8112,1.0802,0.3306,0.6252,17.0681,-0.15814734,0.002794423,0.011052009,0.043860007,-0.036238892,0.078487612,2,1,0,1,1,1,1,2,2,1
Q40,1.402,24.0896,2.0276,2.0276,2.2697,1.9268,0.5525,6.8936,13.0556,2.4598,3.2616,1.0646,1.9301,17.1035,0.042794066,-0.005003786,-0.008907792,0.016626374,-0.021019334,0.025169525,1,1,0,1,1,1,1,1,1,1
Q1,2.1164,100,62.5066,62.5066,63.3269,52.819,0.0714,1.7764,50.6633,8.8096,-49.5497,3.7733,5.1577,19.3313,0.018362517,0.00038258,-0.00541154,-0.010523009,0.009668138,0.011615467,2,2,2,2,1,2,2,1,2,1
Q2,2.1211,100,67.5928,67.5928,65.9047,54.9675,0.0707,1.7017,52.8891,9.1952,-44.435,3.8868,5.3223,19.3028,-0.010959803,-0.013640317,0.028841145,0.010992392,0.00083679,0.01737721,1,2,2,1,2,1,1,2,2,3
Q3,1.9052,100,61.5958,61.5958,59.8902,41.8938,0.063,1.77,50.8489,6.8661,-28.463,2.6409,3.7307,18.6746,-0.011895745,-0.000530929,-0.011801161,0.029601531,-0.005612152,0.017239443,1,2,2,1,0,3,2,2,0,0
Q4,1.5535,100,62.0012,62.0012,60.6161,49.0593,0.0621,1.3572,66.3138,7.8509,-31.831,3.0468,4.4435,18.2831,-0.0040039,-0.01356758,-0.003499328,0.012633679,0.012425062,0.011436422,1,2,2,2,0,2,2,2,1,1
Q5,1.2487,100,67.0311,67.0311,65.4083,52.6819,0.0804,1.9858,45.3229,10.5896,-37.6971,4.2351,6.3616,17.745,-0.008635632,0.034885935,0.003511639,0.011232025,0.017885851,0.01625292,2,2,2,2,2,2,3,2,2,0
Q6,1.2696,100,66.3363,66.3363,65.6426,54.0469,0.081,1.227,73.3499,10.9769,-42.8609,4.3754,6.6833,17.9491,-0.012380214,-0.007722446,0.017648671,0.009780029,-0.011993765,0.013779725,2,1,1,2,0,0,1,0,0,0
Q7,1.5632,100,60.8604,60.8604,60.4693,49.2912,0.0846,1.337,67.313,10.3518,-39.0222,4.1682,5.8837,17.5704,-0.00223211,0.005737691,-0.002558352,0.004556025,0.010587351,0.005601706,2,2,1,2,2,1,2,1,1,0
Q8,1.6904,100,66.9178,66.9178,66.1986,53.0993,0.0831,1.8137,49.6233,10.5001,-40.8564,4.4143,5.9993,17.6209,-0.007972039,0.008080829,-0.007368459,-0.004117153,-0.014405429,0.008286583,2,2,2,1,0,0,0,0,0,0
Q9,1.6248,100,66.2723,66.2723,66.9276,54.1864,0.0786,1.8449,48.7841,10.3329,-38.2697,4.2611,5.8481,17.1547,0.004599363,0.012019821,0.010786472,0.003388588,-0.020999351,0.013372037,2,2,2,2,2,2,1,3,2,2
Q10,1.5018,100,67.5082,67.5082,65.9281,54.0683,0.0768,1.216,74.0138,10.3978,-35.6314,4.1546,5.8686,16.9543,-0.012643938,0.007413482,0.03198175,0.015685809,-0.000281683,0.016795604,2,2,2,2,2,2,2,2,2,2
Q11,1.6113,100,62.6794,62.6794,65.1086,52.3555,0.0785,1.9477,46.2091,9.9699,-32.5292,4.1098,5.6185,16.7931,0.011243661,0.000356033,-0.075077743,0.030606561,-0.013261137,0.040156536,1,2,2,2,0,2,1,1,2,2
Q12,1.6911,100,55.0573,55.0573,53.6641,44.4466,0.0769,1.8483,48.6928,8.3633,-24.4797,3.4162,4.6631,16.3725,0.010327123,-0.020833329,-0.021641181,0.004438473,-0.002107698,0.014623219,2,2,2,1,0,0,2,0,0,1
Q13,1.9407,100,65.7599,65.7599,63.4142,51.3503,0.0735,1.3492,66.7061,9.0998,-26.5654,3.7731,5.1353,16.66,0.010334801,0.00236982,0.000946394,0.008008182,-0.01631949,0.010465109,1,2,2,2,2,2,2,0,1,1
Q14,2.0671,100,68.4286,68.4286,66.6187,51.8717,0.0724,1.6771,53.6631,9.0313,-25.5522,3.7555,5.0418,16.1984,0.007725768,-0.008210596,-0.041421682,-0.029929554,0.041571709,0.032724823,2,2,2,2,2,2,2,1,2,2
Q15,1.9034,100,66.1586,66.1586,63.8311,44.0783,0.0714,1.9009,47.345,7.8578,-20.9845,3.1481,4.3339,15.7804,-0.000541885,-0.006707834,0.004537213,0.009461689,-0.001705511,0.006189095,2,2,2,2,2,1,2,2,0,2
Q16,1.6526,100,66.2432,66.2432,63.8335,45.1041,0.0713,1.8086,49.7612,7.7939,-19.8229,3.2172,4.4677,15.2842,0.014943111,0.004931799,-0.000502088,0.010989106,-0.006378965,0.00857739,2,2,1,1,2,1,1,1,1,0
Q17,1.5192,100,62.7206,62.7206,60.3529,9.6046,0.0708,1.0104,89.0753,1.7073,-4.1117,0.6801,0.9572,14.6168,0.028759265,-0.006705575,-0.001737848,0.000326056,-0.00076099,0.014113075,0,1,2,2,2,0,2,0,2,1
Q18,1.4205,100,69.4912,69.4912,66.7788,46.4022,0.0704,1.8186,49.4889,7.9588,-21.6822,3.2665,4.5133,15.0005,-0.009209979,0.042894335,0.003841479,-0.001278854,-0.001863019,0.020664944,2,2,2,2,2,1,0,1,2,0
Q19,1.7789,100,61.6053,61.6053,58.9064,45.318,0.0665,1.699,52.9735,7.1006,-20.5688,3.0155,3.9575,15.4299,-0.04730983,0.007132848,0.019232555,0.010280661,0.000985366,0.026205521,0,2,2,1,0,1,2,1,0,0
Q20,1.8468,100,11.7906,11.7906,11.6253,11.3499,0.0568,1.4152,63.595,1.5197,-4.4325,0.6451,0.8459,15.2471,0.002372712,-0.014954659,-0.006605769,0.002927184,0.006965081,0.008841768,2,2,2,2,1,0,0,1,0,1
Q21,4.742,100,67.1263,67.1263,67.3194,47.0767,0.0667,2.6701,33.7066,5.8597,28.6409,3.1421,3.7927,13.4306,0.008807287,-0.003054673,-0.000509923,-0.000765568,-0.010650025,0.006956068,1,0,2,1,1,1,2,2,0,1
Q22,4.7551,100,67.209,67.209,74.0253,54.446,0.0648,2.6117,34.46,6.585,30.7949,3.5306,4.2798,13.4594,-0.007810433,-0.013958603,0.050526302,-0.007860209,0.003531202,0.026285248,0,2,1,0,0,2,1,1,1,1
Q23,1.8713,100,63.9317,63.9317,63.9317,42.3411,0.0907,2.8454,31.6298,5.0667,22.7164,3.8408,5.0667,13.4727,-0.000124104,0,-0.01701947,0.006917774,-0.00175636,0.008830398,0,1,2,0,1,0,2,2,0,1
Q24,1.7392,100,64.2979,64.2979,61.6259,48.2376,0.0892,2.2043,40.83,5.928,31.2696,4.3039,5.928,12.9242,0.003607531,0.06150417,-0.033102454,0.000269273,0.008710191,0.034027469,0,1,0,1,1,2,0,0,1,2
Q25,1.8565,100,66.9111,66.9111,66.9405,45.4679,0.0878,2.1644,41.5811,5.4893,30.3624,3.9912,5.4893,12.668,0.004774699,-0.0296094,0.012645888,-0.004248321,0.005761157,0.016491488,2,1,0,2,1,0,2,1,0,2
Q26,1.7013,100,66.1739,66.1739,66.8835,46.3927,0.087,2.4157,37.2561,5.6152,32.7284,4.0351,5.6152,9.1914,-0.019998267,0.050687105,-0.015831247,0.00155937,0.011156439,0.028260312,2,2,2,2,2,2,1,1,1,1
Q27,1.5921,100,48.0644,48.0644,48.0025,33.2301,0.0837,2.0081,44.8188,3.9142,25.253,2.782,3.9142,12.2107,0.03028063,-0.000548867,0.001410771,0.008267773,0.004262982,0.012492657,1,1,1,1,0,1,1,1,0,0
Q28,1.6983,100,64.0254,64.0254,64.3423,43.1062,0.0837,1.9415,46.355,4.9842,33.0257,3.6098,4.9842,8.9054,0.008541654,-0.042475896,0.001493476,-9.33E-05,-0.004253382,0.020166983,0,1,0,1,0,0,0,0,1,1
Q29,1.7148,100,64.7487,64.7487,65.1597,50.5217,0.0849,1.9561,46.0101,5.8546,37.1887,4.2884,5.8546,8.8505,-0.002380387,-0.047837344,-0.00250313,0.011908755,0.00183098,0.023138759,0,1,2,2,0,0,0,0,1,1
Q30,1.7708,100,65.832,65.832,66.0222,44.5959,0.087,1.8049,49.8637,5.2084,35.1838,3.8816,5.2084,8.703,0.029899918,-0.043548091,0.001756609,-0.010913294,-0.004305099,0.026382622,2,1,2,1,1,1,1,2,1,1
Q31,1.8044,100,58.8967,58.8967,59.4013,40.0942,0.0827,1.7468,51.5237,4.4362,31.0578,3.3152,4.4362,8.6122,0.012070565,0.004057238,0.000691048,0.004136289,0.004950842,0.004184286,2,2,1,1,1,1,1,1,1,1
Q32,1.8908,100,60.913,60.913,61.0796,40.8197,0.0851,1.6328,55.1216,4.5365,30.9813,3.4717,4.5365,8.5778,-0.004940631,0.006355266,0.015584731,-0.005893619,-0.000829981,0.008972018,2,1,1,1,1,1,1,1,1,1
Q33,1.9537,100,62.8803,62.8803,62.7789,42.9344,0.0844,1.2059,74.6349,4.7221,33.1679,3.6225,4.7221,8.4789,-0.009535747,0.017864474,0.040125319,0.013359669,0.000836102,0.018803531,1,1,0,1,0,1,1,1,0,0
Q34,1.9714,100,63.2467,63.2467,63.2818,45.4322,0.0794,0.9484,94.9016,4.6868,28.7078,3.6058,4.6868,8.5784,0.010099859,-0.00150852,-0.009988084,0.00114298,-0.004707123,0.007459657,2,2,0,1,0,1,1,1,1,1
Q35,1.4818,100,55.7305,55.7305,58.1472,60.8568,0.0683,2.014,44.6869,6.0152,36.6968,4.1537,6.0152,8.5173,0.000142877,0.028028,0.010637617,0.004661428,0.007358999,0.010699486,2,0,1,1,1,0,1,1,0,1
Q36,1.3877,100,-101.6374,-101.6374,-101.6374,-71.6959,0.0662,2.0752,43.3684,-7.0304,-60.4934,-4.7469,-7.0304,8.0735,0.015562038,0.015013229,0.012187644,-0.014907724,-0.013317838,0.015600087,2,0,1,1,1,1,1,1,1,1
Q37,2.8701,100,62.2964,62.2964,62.4127,50.1164,0.07,2.2167,40.6012,4.53,23.8552,3.5065,4.53,8.7595,-0.015179013,0.003283818,-0.048618069,0.006347031,0.009699722,0.024206496,2,1,1,1,1,1,1,1,2,1
Q38,2.821,100,63.5257,63.5257,63.4865,40.4005,0.0712,2.2381,40.212,3.7618,24.5753,2.8713,3.7618,8.3951,0.002880619,0.047919334,-0.01129651,0.02176691,-0.018908492,0.026947151,2,2,1,1,1,1,1,1,1,1
Q39,2.663,100,57.1549,57.1549,56.8191,36.9282,0.0686,2.4516,36.71,3.3211,26.3426,2.5259,3.3211,8.1395,-0.023433995,-0.020532711,0.014285092,-0.006508173,-0.014715981,0.015128162,1,0,0,1,1,1,1,1,1,1
Q40,2.695,100,57.9242,57.9242,66.4513,43.2817,0.0674,2.4289,37.0543,3.8538,34.2545,2.9146,3.8506,7.9816,-0.02632791,0.013423063,-0.023256862,-0.00554477,0.026154415,0.022807036,2,2,1,1,1,0,1,0,1,1
Q1,0.9722,24.2098,3.608,3.608,-0.3899,-1.3749,0.6023,23.3393,3.8562,-2.294,-3.4297,-0.7953,-1.5146,31.0284,-0.007883992,0.006663335,0.005405264,0.020440976,-0.008741497,0.012037033,2,2,2,0,1,2,2,2,1,2
Q2,0.8352,25.5137,4.2893,4.2893,5.2818,3.8119,0.537,23.3463,3.855,5.9437,9.0819,2.0732,3.9075,30.9092,-0.01047134,-0.011380308,-0.005136969,-0.007047637,-0.00743703,0.002574916,2,2,0,1,1,2,3,2,0,2
Q3,0.7931,25.4483,4.3988,4.3988,6.277,4.7015,0.5803,26.9501,3.3395,7.9301,12.4654,2.7125,5.0769,28.651,0.068756793,-0.030544433,-0.018437456,-0.01828871,-0.009378451,0.040032404,2,2,2,2,2,2,2,2,0,0
Q4,0.7662,24.213,3.8805,3.8805,4.0083,2.9639,0.578,26.7691,3.3621,5.4972,9.1153,1.7493,3.3506,26.1688,0.002505195,-0.00891776,-0.001874748,-0.024696674,0.016751338,0.015224572,1,1,2,2,2,3,0,1,0,2
Q5,0.7945,23.9449,3.7566,3.7566,4.0043,2.923,0.599,22.5447,3.9921,5.2654,8.5065,1.8157,3.314,28.7966,-0.040668,-0.045627822,0.014780347,-0.025346589,-0.032111404,0.02398439,2,2,2,2,2,2,2,0,2,2
Q6,0.8106,25.0729,3.6862,3.6862,3.4166,2.5689,0.5337,22.8067,3.9462,4.241,6.9782,1.3847,2.6091,27.5826,0.006062676,-0.006400579,0.006064719,0.00410642,-0.001841631,0.00552235,1,2,2,2,2,2,2,1,2,1
Q7,0.7644,24.8924,4.2822,4.2822,3.7683,2.7689,0.5551,24.2246,3.7152,4.7711,8.0566,1.5669,2.9334,27.092,-0.019133145,-0.008176113,0.012929139,8.62E-05,0.00558782,0.012411293,2,1,1,2,2,2,0,2,0,0
Q8,0.7728,24.9272,3.9903,3.9903,4.1614,3.1003,0.5284,23.1982,3.8796,5.2143,8.9805,1.6654,3.0964,26.174,0.00705711,0.011808743,0.014174022,-0.000741032,0.009957687,0.00576051,2,2,0,1,2,2,2,0,2,0
Q9,0.7989,24.4148,4.3713,4.3713,4.0809,2.6565,0.6329,22.0902,4.0742,4.7882,7.8695,1.7388,2.9368,27.6699,-0.005620033,0,0.00388633,-0.002145805,-0.006568162,0.004260364,0,1,2,2,1,2,2,2,1,2
Q10,0.8099,25.444,3.9922,3.9922,2.0625,1.3692,0.5512,21.5893,4.1687,2.2864,3.7522,0.8019,1.4046,27.2902,0.003909118,0.006345279,0.002343746,-0.034270112,-0.004645304,0.016722265,1,0,2,2,0,1,2,2,0,1
Q11,0.9259,25.3515,4.4912,4.4912,0.3109,-0.6725,0.6213,25.5954,3.5163,-0.9849,-1.2989,-0.3528,-0.5798,25.1489,0.008949078,-0.007591111,0.003230658,0.011997207,-0.010437696,0.009917997,2,2,1,2,2,2,2,0,1,1
Q12,0.7336,25.2531,4.2008,4.2008,2.3001,1.7393,0.5987,26.8586,3.3509,2.9059,3.8269,1.1106,1.9855,26.5415,0.005524201,0.023084742,-0.005868562,-0.002003161,0,0.011356367,2,2,2,2,2,2,0,0,2,2
Q13,0.7598,24.6773,3.2781,3.2781,2.1751,1.5961,0.6663,24.2727,3.7079,2.9237,3.776,1.1554,2.0086,27.3787,0.001136992,-0.020086759,-0.007564791,0.023095715,-0.008828775,0.016150505,2,0,2,1,2,1,2,1,2,1
Q14,0.8127,25.6797,3.8675,3.8675,2.3372,1.4199,0.5882,21.0024,4.2852,2.413,3.1366,0.9092,1.5892,26.5856,-0.004905434,0.001228655,-0.00749763,0.010154432,-0.009536092,0.007961639,2,0,0,2,1,0,2,2,2,2
Q15,0.7796,25.8068,4.8389,4.8389,3.7339,2.3501,0.612,22.8647,3.9362,3.9268,5.0878,1.5399,2.5972,26.4103,-0.002795088,-0.003696402,-0.004607721,0.024457918,0.005493178,0.012247378,2,2,2,2,2,2,2,2,2,2
Q16,0.7728,25.3986,4.4554,4.4554,3.9765,2.5855,0.5885,22.3804,4.0214,4.1412,5.3844,1.5782,2.714,25.1783,0.014643075,-0.002509469,-0.002137939,-0.004416113,0.000884784,0.007700896,2,2,2,2,2,1,2,2,1,2
Q17,0.862,25.3506,4.739,4.739,4.3151,2.8693,0.6585,22.4398,4.0107,4.9494,6.2774,2.0048,3.2525,26.4223,0.008872634,0.01059985,-0.004728196,-0.001394874,0.000837136,0.006630066,2,2,2,0,2,2,2,2,2,0
Q18,0.8553,25.9733,4.3316,4.3316,3.8366,2.5673,0.5713,22.1143,4.0698,3.9789,5.1082,1.5479,2.6121,26.1367,-0.009492147,0.004686536,0.004523611,-0.012632336,-0.001143373,0.007966914,2,2,0,0,0,0,1,0,1,0
Q19,0.8548,25.9561,5.1012,5.1012,4.6329,3.1219,0.6107,22.9107,3.9283,4.9138,6.1922,1.9653,3.1907,25.5881,0.000839949,0.001538148,0.019646429,-0.003156033,0.003293058,0.008826544,1,1,1,2,2,2,1,2,1,1
Q20,0.8409,25.3313,4.5512,4.5512,4.0672,2.6565,0.5833,22.3451,4.0277,4.1359,5.2715,1.6185,2.6545,24.8826,0.000992411,0.013371963,-0.005889769,-0.003522371,0.007172552,0.007888824,1,1,0,0,1,1,1,1,1,1
Q21,0.9322,25.1938,5.1224,5.1224,4.6997,3.5275,0.6497,23.056,3.9035,5.6787,7.0955,2.379,3.7198,26.4424,0.002637755,0.006127801,-0.010675006,0.014304774,0.00043467,0.009087866,2,2,2,2,2,2,0,0,0,1
Q22,0.9237,25.5196,4.8668,4.8668,4.3966,2.8141,0.5723,23.4254,3.842,4.1317,5.2059,1.6642,2.6918,25.7414,-0.008833087,0.00136399,0.006115199,0.008767557,0.008358457,0.007318837,0,1,2,2,1,1,1,1,1,0
Q23,0.8907,25.0963,5.0479,5.0479,4.5962,2.8903,0.6053,22.7922,3.9487,4.4262,5.651,1.8301,2.9088,25.544,0.024681353,-0.042624659,0.00171541,0.007296488,-0.002632979,0.024811276,2,2,2,1,1,1,1,0,0,0
Q24,0.8924,24.6834,4.9466,4.9466,4.229,2.9096,0.572,19.7533,4.5562,4.1043,5.2562,1.6354,2.6701,24.7877,-0.003902325,-0.010027155,-0.009991233,0.000137572,0.007126305,0.007261367,1,2,2,2,1,2,2,0,1,1
Q25,0.9697,24.6646,6.0419,6.0419,5.5965,3.7746,0.6465,19.4106,4.6366,6.037,7.648,2.5495,4.0083,26.6224,-0.001336013,-0.019017755,-0.00335014,0.007799449,-0.008669821,0.009872962,1,1,1,1,2,1,0,1,1,1
Q26,0.9203,25.0032,5.2647,5.2647,4.7134,3.1185,0.573,19.5372,4.6066,4.5519,5.8713,1.8424,2.9812,26.0468,0.006246416,-0.005202678,-0.003716178,-0.021402507,0.008050243,0.011741072,2,1,1,1,2,1,1,1,1,1
Q27,0.8883,25.0697,5.6108,5.6108,5.163,3.4073,0.5895,19.5452,4.6047,4.937,6.4838,2.0068,3.1866,25.6656,0.004715662,0.007940174,-0.007417559,0.00299972,-0.005746424,0.006728338,1,1,0,1,0,0,0,0,0,0
Q28,0.8788,24.5703,5.3871,5.3871,4.893,3.1254,0.5677,18.8583,4.7724,4.7456,6.3237,1.8324,2.9352,24.2102,0.005307061,-0.005047566,-0.003379288,-0.003390646,-0.006553103,0.004619817,1,2,1,0,2,2,0,0,1,1
Q29,0.8823,24.4669,5.6643,5.6643,5.2372,3.4162,0.6335,19.4258,4.633,5.5865,7.3493,2.2193,3.6093,25.159,0.024949634,0.00420776,0.008753053,0.002598138,-0.009123021,0.012346807,1,2,0,1,2,1,1,1,1,1
Q30,0.8717,25.0683,5.4543,5.4543,4.953,3.2311,0.5512,18.6413,4.828,4.9286,6.5824,1.8439,3.1447,24.2202,-0.000125474,0.00662708,-0.006501606,-0.007807655,0.000126441,0.005817647,1,1,1,1,0,1,0,1,1,1
Q31,0.8309,25.1733,5.8007,5.8007,5.3283,3.4828,0.5813,19.4847,4.619,5.4834,7.325,2.0924,3.4963,23.4801,0.001923862,-0.001923862,0.002061169,0.011057449,0.004605132,0.00480362,1,2,1,1,0,1,1,1,1,1
Q32,0.8181,24.6156,5.6439,5.6439,5.1793,3.3173,0.5642,18.4251,4.8846,5.1845,7.008,1.9447,3.266,23.073,0.014639241,-0.001310081,-0.011338297,0.000662775,-0.009184789,0.010257304,1,2,1,2,1,1,0,1,0,1
Q33,0.8346,24.736,6.7004,6.7004,6.3265,4.3948,0.628,18.8474,4.7752,7.1448,9.5361,2.8754,4.742,24.6645,0.010599159,-0.008308849,0.007106953,0.002135661,0.007306616,0.007396789,0,1,2,0,2,1,1,1,1,1
Q34,0.8254,24.8946,5.3541,5.3541,4.8743,3.1942,0.5529,20.4419,4.4027,4.846,6.564,1.8507,3.1626,23.4071,-0.008914941,0.006554674,-0.003760248,0.003204061,0.002500353,0.006185922,2,1,1,1,1,1,0,1,1,1
Q35,0.8235,25.0599,5.8609,5.8609,5.4191,3.5141,0.5841,21.3014,4.2251,5.5702,7.6181,2.1266,3.5002,22.1533,0.001623414,0.00968522,-0.010902559,-0.002303343,0.004601393,0.007751137,1,1,2,1,1,1,1,1,1,0
Q36,0.8304,24.6279,5.6517,5.6517,5.1783,3.3112,0.5734,20.2745,4.4391,5.2668,7.3566,1.9756,3.2469,21.7776,0.000458592,0.007157591,-0.002430929,-0.002131863,0.007290484,0.004838587,2,2,2,1,2,1,0,1,0,1
Q37,0.8824,24.6667,6.7906,6.7906,6.3604,4.2069,0.6346,20.6717,4.3538,7.1171,9.7841,2.7879,4.3895,22.1653,0.007361947,-0.003265259,-0.006233633,0.004924489,0.000163768,0.005618134,2,2,2,1,2,1,1,1,1,1
Q38,0.8806,25.0712,5.3327,5.3327,4.8473,3.0265,0.5646,23.1713,3.8841,4.904,6.8671,1.7931,2.936,20.7713,0.000685299,-0.003946801,-0.004998733,0.004482803,-0.007078145,0.004681377,1,1,1,1,1,1,1,1,1,1
Q39,0.858,25.2327,5.8364,5.8364,5.3079,3.4755,0.5641,20.7723,4.3327,5.4044,7.6721,2.0307,3.2457,21.0422,0.003766497,-0.01801852,-0.014846517,0.011011407,0.000576253,0.012445176,1,2,1,1,1,0,1,1,1,1
Q40,0.9021,24.9662,5.6589,5.6589,5.1618,3.2623,0.5595,21.7741,4.1334,5.2624,7.0024,1.9213,3.0663,19.5436,-0.019747243,0.013269965,0.001484194,-0.006136663,0.002235867,0.012197192,2,2,0,0,1,0,1,1,1,1
Q1,1.4296,100,52.8761,52.8761,52.7076,43.9952,0.1194,1.5691,57.3574,28.4514,-46.3137,5.2529,9.3047,6.4768,0.002045482,-0.022316167,0.006794023,-0.022032506,0.002278108,0.01430135,2,2,2,2,2,2,2,1,1,2
Q2,1.6133,100,49.9515,49.9515,52.6214,43.3252,0.1227,1.5571,57.801,27.5123,-793.3333,5.315,9.6429,6.5206,-0.012142931,0.005463691,-0.012195283,-0.013511165,0.011739877,0.011844345,2,1,0,1,0,2,2,2,0,2
Q3,1.8547,100,54.8606,54.8606,49.9088,39.4319,0.1214,1.6279,55.2854,25.8368,796.3158,4.7889,8.2094,5.8736,-0.055477547,-0.028544997,-0.011491443,0.015032159,0.000713523,0.027287849,2,2,2,2,2,2,2,2,2,3
Q4,1.9531,100,51.1844,51.1844,50.6747,42.5787,0.1038,1.5533,57.94,21.8529,151.5475,4.42,7.4753,6.4721,-0.001643386,0.019544596,0.003220615,0.004811557,0.01230793,0.008324977,2,2,2,3,2,0,0,0,0,2
Q5,1.866,100,55.1509,55.1509,49.5635,42.23,0.1308,1.6424,54.7992,31.2189,-1801.064,5.524,9.4639,5.4014,0.029336232,-7.19E-05,-0.035571094,-0.01198072,0.041824868,0.031256911,2,2,1,2,2,2,2,3,2,2
Q6,1.4199,100,54.3498,54.3498,56.0716,47.5759,0.151,1.7558,51.2596,35.491,438.4134,7.1829,14.5389,5.8759,0.015378699,0.012252034,0.006913565,0.00507446,-0.009269422,0.00951144,2,2,1,0,0,0,1,0,0,0
Q7,1.3858,100,59.4359,59.4359,56.7271,47.1905,0.1719,1.7868,50.3694,42.3719,-3572.881,8.1136,16.5854,4.9257,0.015757492,-0.010720048,0.006315546,0.009435034,0.00586098,0.009803586,2,0,2,1,2,1,0,0,0,1
Q8,1.4915,100,58.2786,58.2786,61.2448,49.7933,0.1663,1.5777,57.046,40.6753,734.0502,8.2811,15.9489,4.9557,-0.013441154,-0.002401331,-0.017155762,-0.007070506,-0.045120435,0.016696986,1,3,1,3,0,1,2,1,0,1
Q9,1.405,100,56.9041,56.9041,56.647,47.8786,0.1653,1.5091,59.6374,35.8767,152.4979,7.9167,16.9442,5.0684,0.016909018,0.015059861,-0.02921832,0.004232439,-0.029057319,0.023082519,2,2,2,2,2,2,1,2,2,2
Q10,1.3949,100,32.414,32.414,31.9149,23.6144,0.1531,1.6727,53.8062,16.5928,59.0282,3.6163,7.9897,5.2551,0.005611949,-0.00127475,0.012135118,-0.003426403,-0.000948792,0.006398289,2,2,2,1,2,2,1,2,1,1
Q11,1.5516,100,58.6711,58.6711,58.0811,48.7173,0.167,1.7119,52.5731,32.764,104.169,8.1362,16.2948,5.6,-0.039554206,0.003473026,0.028767218,0.00015082,-0.003626118,0.024464463,0,2,2,2,2,2,1,2,2,2
Q12,1.513,100,52.824,52.824,52.442,42.8104,0.1631,1.6936,53.1405,29.7215,124.3265,6.9823,14.0882,5.0808,0.000714002,0.007301419,-0.042163324,-0.019554285,0.001255367,0.020404525,2,0,0,0,2,2,2,2,2,2
Q13,1.6436,100,50.9777,50.9777,50.3631,41.676,0.156,1.6871,53.3464,26.0339,98.8734,6.5028,12.2295,5.4685,0.04352207,-0.008629993,0.006425612,0.013419484,0.00312838,0.019558379,2,1,0,2,1,1,2,2,2,2
Q14,1.5691,100,45.9541,45.9541,44.8068,6.8539,0.1553,1.6821,53.5054,4.1295,16.9151,1.0643,2.0786,5.2154,0.012058709,0.026741254,0.002296924,0.003035244,0.002683959,0.010533875,2,0,0,2,2,1,2,2,0,0
Q15,1.6572,100,57.1218,57.1218,56.857,42.0836,0.1625,1.8288,49.2113,22.1088,62.0121,6.8375,12.0563,6.1019,-0.00443811,-0.004524646,-0.010862351,0.000539205,0.005376016,0.006096212,2,2,2,2,2,0,2,0,1,1
Q16,1.654,100,54.1435,54.1435,53.3246,38.5522,0.1539,1.7875,50.3505,20.0238,59.0567,5.9328,10.5052,5.5089,0.01588306,-0.023299592,-0.007472067,0.005143031,0.008359196,0.015386007,0,2,0,2,0,2,0,1,1,0
Q17,1.8161,100,55.0841,55.0841,54.06,39.5391,0.1472,1.7605,51.1229,19.1735,34.198,5.8212,9.9595,5.2495,0.011008354,0.002881327,-0.005260449,0.006106317,-0.004746153,0.007018078,2,1,0,2,0,2,1,0,1,2
Q18,1.8357,100,49.4557,49.4557,47.5689,33.8534,0.1476,1.9463,46.2409,16.4145,29.1017,4.996,8.588,5.2581,0.009124047,0.00685717,-0.004657775,0.001920519,0.003192761,0.005287079,2,2,0,1,1,0,1,1,0,2
Q19,1.6537,100,57.9861,57.9861,56.7014,41.1111,0.1663,2.2188,40.5625,18.947,32.1041,6.8348,12.3655,5.7225,0.017864484,0.02212374,-0.003731362,-0.025749257,-0.007314779,0.019602386,2,2,0,0,1,0,2,0,1,0
Q20,1.702,100,51.225,51.225,50.6682,36.4885,0.1655,2.2394,40.1893,16.749,30.0336,6.0373,10.7139,5.35,0.015594664,0.011200198,-0.008782036,-0.002102435,0.000420841,0.009962651,2,2,1,2,2,2,0,0,1,1
Q21,1.6469,100,55.1104,55.1104,54.6607,39.2069,0.1538,2.0624,43.6386,17.4016,33.8033,6.0296,10.8435,5.0009,0.007172944,-0.011398189,0.003299309,-0.001442104,-0.013386812,0.008998592,0,2,2,1,1,1,1,0,2,1
Q22,1.7521,100,43.9809,43.9809,40.7231,35.3596,0.1549,2.3327,38.5817,14.6816,26.4252,5.4769,9.5391,5.4319,0.042382861,0.029458946,0.009361496,-0.004034337,-0.010799621,0.022381374,1,2,2,2,2,0,2,1,2,2
Q23,1.6196,100,54.1107,54.1107,53.4387,38.6166,0.1729,2.3404,38.4546,15.5129,27.3593,6.6762,12.5369,5.6016,0.011580552,0.008871221,-0.018731405,0.005545721,0.006514696,0.01223609,2,1,2,2,1,0,2,1,2,1
Q24,1.5777,100,52.3431,52.3431,51.9247,38.5356,0.1565,2.1188,42.477,14.3101,25.344,6.0306,11.6127,5.6754,-0.00707237,0.023451639,0.02058552,-0.009267378,-0.002971475,0.015781326,2,2,0,2,1,2,1,0,2,0
Q25,1.743,100,60.583,60.583,60.0897,45.7399,0.1524,2.0802,43.2646,16.1036,24.1878,6.9705,13.0285,5.5418,0.016373811,-0.009703431,0.001218101,0.012427955,-0.003832874,0.010937841,2,1,1,1,0,1,0,1,0,1
Q26,1.7674,100,42.2231,42.2231,41.7669,33.2227,0.1573,2.174,41.3978,11.738,17.4586,5.2254,9.6297,5.9236,0.027705818,0.001137898,-0.004673747,0.001370207,0.015623518,0.013208264,2,1,2,1,1,1,2,1,1,0
Q27,1.8731,100,57.0281,57.0281,56.9478,40.7631,0.1699,2.3249,38.7108,15.5009,23.1365,6.9241,12.6212,5.6717,0.027955697,0.060181573,0.007304117,0.00047711,0.007602785,0.024348468,2,1,2,1,0,0,0,0,1,2
Q28,1.8268,100,58.4037,58.4037,57.9814,39.3159,0.1647,2.0882,43.0997,14.745,23.1132,6.4765,11.9237,5.4466,0.003019013,-0.032772438,0.020774092,-0.001061736,-0.006126805,0.019371984,0,2,0,0,1,1,1,1,1,1
Q29,1.8922,100,59.1621,59.1621,58.9779,40.0553,0.1467,2.1829,41.2293,13.2259,19.0414,5.8776,10.778,5.6002,0.043682199,-0.018295266,-0.013432098,0.015317104,-0.005530412,0.025465334,2,2,0,1,1,0,1,1,1,1
Q30,1.8153,100,43.9771,43.9771,43.5469,29.7801,0.1469,2.1656,41.5583,8.3122,10.9279,4.3744,8.3122,6.2762,0.014468205,0.024252959,-0.01437769,-0.00596551,-0.013356185,0.017415398,0,2,2,1,0,1,2,1,1,1
Q31,1.9482,100,56.2669,56.2669,56.5374,39.6303,0.1615,2.2404,40.1713,11.4632,14.8681,6.402,11.4632,6.3701,-0.005396136,-0.008377014,0.019668599,-0.015038046,0.014591031,0.015159571,1,1,1,1,1,1,1,1,1,1
Q32,2.0712,100,58.5878,58.5878,58.8263,40.458,0.1744,2.2086,40.7491,12.0643,15.8742,7.0543,12.0643,5.8129,0.040589183,-0.009250177,0.040448275,-0.004760799,0.001542726,0.024767965,2,1,1,1,1,1,1,1,1,1
Q33,1.9898,100,58.0798,58.0798,57.8174,40.1889,0.1614,2.0255,44.4334,11.3381,15.0877,6.4866,11.3381,5.5419,-0.001891433,-0.005154611,0.028942784,0.003365498,-0.010021178,0.015273547,1,1,1,0,1,1,1,0,0,1
Q34,1.9073,100,47.4406,47.4406,47.1768,31.9261,0.1521,2.0486,43.9314,8.7314,11.7135,4.8548,8.7314,5.6222,-0.00983232,0.000309917,0.016690892,-0.00573066,-0.015444307,0.012323628,0,2,1,1,0,2,1,1,0,1
Q35,1.9947,100,55.4745,55.4745,55.5787,40.2503,0.1583,2.1031,42.7946,11.1496,14.9583,6.3696,11.1496,5.5608,0.023780246,0.017391737,-0.009118035,0.002778255,0.003068554,0.013047532,2,2,2,2,1,1,1,1,0,1
Q36,1.9231,100,53.5165,53.5165,53.4615,38.4615,0.1619,2.1564,41.7363,11.1536,15.1811,6.2278,11.1536,5.0249,-0.043669168,0.00395358,0.006228043,-0.00992233,-0.006883528,0.020008535,0,2,2,2,1,0,0,1,1,2
Q37,1.9826,100,56.8828,56.8828,56.8828,38.7941,0.1579,2.165,41.57,10.6913,14.6509,6.127,10.6913,5.043,-0.020298975,0.014027296,-0.035958896,-0.0053921,-0.001473515,0.019046092,2,1,1,1,1,1,1,1,2,1
Q38,1.8357,100,-0.5787,-0.5787,-0.5787,1.0995,0.1616,2.1386,42.0833,0.3403,0.4764,0.187,0.3403,4.6325,-0.011855385,0.001571976,0.001847655,0.006377451,0.021895342,0.01212241,2,2,0,1,1,1,1,1,1,1
Q39,2.1749,100,55.1155,55.1155,56.6557,39.439,0.1879,2.3827,37.7723,11.9692,16.7564,7.4013,11.9692,4.7129,0.069705327,-0.015913225,0.026355718,-0.007897636,0.016847683,0.0337832,2,1,1,1,2,1,1,1,1,1
Q40,2.028,100,53.0894,53.0894,53.5093,36.4727,0.1847,2.338,38.4943,11.0929,16.3749,6.7368,11.0929,4.3113,0.030207322,0.066955804,-0.015273479,-0.043198545,-0.048644048,0.049601882,1,1,0,0,1,1,1,1,1,1
Q1,0.7061,50.7317,20.9012,20.9012,21.4092,17.6929,0.1551,3.7254,24.1587,7.056,-18.7252,2.7822,4.7799,19.1644,-0.015454028,0.022367398,-0.018444527,-0.003255663,-0.010729461,0.01639232,2,2,2,2,2,2,1,1,2,2
Q2,0.7767,53.1375,27.2474,27.2474,24.6999,19.1846,0.1644,4.0973,21.9656,8.1565,-23.2685,3.2361,5.4705,19.7117,-0.023637519,-0.01428708,0.002828071,-0.008200278,0.017544333,0.015915882,2,2,2,2,0,1,2,0,0,2
Q3,0.8673,52.6763,27.3372,27.3372,27.42,21.7983,0.1611,3.8307,23.4947,9.0337,-27.2538,3.593,5.9401,19.5903,0.007859937,-0.021659959,-0.007042778,0.001906366,-0.001835731,0.011194203,2,2,3,2,0,0,2,0,0,0
Q4,0.8487,49.4745,19.6689,19.6689,19.5559,15.4255,0.1466,4.236,21.2465,6.059,-16.5685,2.3082,3.9565,18.9047,-0.005554662,0.000300996,0.006076748,0.004254269,-0.003730791,0.004988153,2,2,3,0,2,2,0,1,0,0
Q5,0.825,49.3668,20.0593,20.0593,20.3207,16.5737,0.1452,3.7099,24.2593,6.5651,-16.8875,2.4941,4.27,18.5572,-0.00803543,-0.016350957,0.004092017,-0.011230392,0.003785468,0.009154566,2,0,2,2,2,3,2,2,1,2
Q6,0.6271,51.3761,24.5724,24.5724,24.8465,20.0274,0.1633,3.5104,25.6382,8.3183,-20.7139,3.3503,5.768,18.5904,-0.016199522,0.007374177,-0.003760465,0.009414465,-0.000158804,0.010214983,1,2,2,2,2,2,1,2,0,1
Q7,0.7247,50.9889,24.1038,24.1038,24.4016,19.8225,0.156,3.4606,26.0069,7.8513,-21.759,3.1712,5.3868,18.8402,0.054524331,-0.016342509,0.014405167,0.008528474,-0.01079347,0.027974374,1,1,1,1,0,2,0,1,0,2
Q8,0.7488,47.7127,-30.3732,-30.3732,-29.6303,-31.0577,0.1485,3.4526,26.067,-11.2259,30.9717,-4.5502,-7.7044,18.9959,-0.021242157,0.000879494,0.015440588,0.018015466,-0.0071673,0.016273583,2,2,2,2,2,0,0,0,0,1
Q9,0.7865,48.8094,19.6149,19.6149,19.9125,16.286,0.1353,3.167,28.4182,5.0825,-16.294,2.2815,3.6094,22.1499,-0.020177663,-0.006656104,-0.002131589,0.008210609,0.015464252,0.013756315,2,2,2,1,0,2,2,1,0,2
Q10,0.7819,48.8531,22.342,22.342,22.4567,17.9436,0.141,3.4497,26.0896,6.0116,-17.4441,2.6001,4.234,21.7634,0.030071791,0.001167301,0.001377747,-0.011718452,0.005023806,0.015294951,1,2,2,2,0,2,2,2,1,2
Q11,0.799,49.1672,21.2942,21.2942,23.607,18.7717,0.1409,3.3148,27.151,6.2285,-19.2969,2.7111,4.3816,21.074,0.050140375,0.021797036,-0.00833629,0.014657734,0.009464713,0.021354196,0,1,1,2,2,2,1,1,0,1
Q12,0.8259,45.0403,15.6759,15.6759,13.8702,11.0525,0.1395,3.5218,25.5554,3.6405,-11.671,1.5975,2.5629,21.1701,0.002551568,-0.003768835,0.004132788,-0.013924732,0.00490791,0.007879326,2,2,2,1,2,2,0,2,2,1
Q13,0.9104,48.5044,19.7101,19.7101,19.9803,14.9684,0.1309,3.162,28.4632,4.706,-16.5386,2.0423,3.2824,21.8508,-0.041442605,-0.018069132,-0.006096403,-0.007228109,-0.008936526,0.014797795,2,2,2,1,0,1,2,1,1,1
Q14,0.9428,49.9339,22.5295,22.5295,23.1848,13.9868,0.1374,3.3568,26.8112,4.766,-16.93,2.0222,3.33,21.706,-0.01173226,-0.008497392,-0.004275884,-0.00576764,-0.005458853,0.002993491,1,2,1,2,3,0,2,2,2,0
Q15,0.9145,50.3453,21.906,21.906,22.5245,16.7597,0.1356,3.3697,26.7087,5.2734,-20.4474,2.3362,3.7961,21.8431,-0.021828623,-0.012223353,-0.014318364,-0.005393956,0.003331624,0.009518643,2,1,2,2,2,3,0,2,1,0
Q16,0.877,47.7455,17.1653,17.1653,18.2039,13.3839,0.1335,3.5,25.7143,4.0203,-16.7989,1.8288,2.9831,21.8455,-0.000220603,0.008018974,0.001311996,0.003708195,0.000870531,0.00328269,1,2,2,1,3,2,2,0,1,0
Q17,0.8901,49.7853,21.5316,21.5316,21.3778,15.777,0.1321,3.5808,25.1343,4.7742,-19.2369,2.1644,3.5908,21.3245,0.003009495,-0.025588914,-0.000685382,-0.001600908,-0.001030473,0.01155229,1,2,2,2,1,2,2,2,1,0
Q18,0.8851,50.7712,22.9889,22.9889,19.3166,46.3574,0.144,3.5644,25.2498,4.8577,-18.4258,2.1883,3.6479,21.0266,0.026354163,0.002299081,0.001491652,0.00708326,-0.008230426,0.012765104,2,1,2,0,2,0,2,1,0,1
Q19,1.0855,50.9505,22.8296,22.8296,22.6299,16.0492,0.128,3.5048,25.6793,4.9636,-28.9352,2.2279,3.6925,22.0295,0.036075573,-0.006651334,0.006879954,-0.007340317,0.001610299,0.017766107,1,2,0,0,2,1,0,0,1,1
Q20,1.0979,47.9444,15.5384,15.5384,16.6812,11.7253,0.1267,3.6821,24.4423,3.5262,-18.4322,1.5794,2.6102,21.7328,0.002915964,0.004647946,0.005087833,0.002534286,0.006879166,0.001758071,2,0,2,2,1,2,1,0,2,0
Q21,1.0944,49.762,21.06,21.06,20.476,17.0549,0.1236,3.4317,26.226,3.9738,-24.7171,1.8328,2.9587,22.4842,0.007142031,-0.025223413,0.000125853,0.00238762,0.004383481,0.0131067,1,2,1,0,1,1,1,1,1,1
Q22,1.134,49.9852,22.7786,22.7786,22.483,18.5752,0.131,3.5829,25.1191,4.7436,-45.748,2.2494,3.6359,23.0322,0.010309409,0.006771875,0.011017686,0.007278258,0.015261736,0.003411902,2,1,0,2,2,1,0,1,1,1
Q23,1.1284,50.6747,22.7991,22.7991,22.1093,15.3446,0.1279,3.4985,25.7252,4.4872,-43.5745,2.1483,3.4562,23.1364,0.038512281,0.003121723,0.001557264,0.003494879,-0.008304179,0.017901847,1,2,1,1,0,2,2,2,0,2
Q24,0.9952,47.9652,5.2277,5.2277,7.1332,2.9286,0.1374,3.8945,23.1096,1.0327,-9.7235,0.4942,0.7865,23.2271,-0.005540988,0.004751238,0.001184341,-0.001974614,0.00787507,0.005307301,0,2,2,1,1,1,1,0,1,1
Q25,0.99,47.2711,17.8677,17.8677,17.531,12.7171,0.1293,3.3928,26.5269,3.8543,-23.1221,1.8337,2.9736,23.3616,-0.021866798,-0.004678049,-0.0016054,-0.002227176,-0.00908366,0.008346497,1,2,1,2,2,1,0,0,1,1
Q26,0.9715,48.3212,19.3512,19.3512,18.7726,12.4466,0.1357,3.1877,28.2336,4.1966,-22.9923,1.9624,3.2242,24,-0.03219706,-0.005410722,-0.009860279,-0.008076388,-0.006011623,0.011254881,2,2,2,1,0,1,1,0,1,1
Q27,0.9076,48.1434,19.3543,19.3543,18.6831,10.2818,0.1358,3.029,29.7123,4.1322,-18.4236,1.9655,3.1643,24.7322,0.009919736,-0.001646471,0.014489596,0.00543764,-0.005901707,0.008306793,1,2,2,1,1,0,1,2,1,1
Q28,0.9375,38.103,17.0057,17.0057,16.92,19.5464,0.0889,2.0092,44.7931,2.6007,-12.2915,1.2415,1.9947,25.8138,-0.012044519,0.014633201,0.003318342,0.00171631,-0.00061267,0.009535507,2,2,2,2,1,0,1,0,0,2
Q29,0.8757,48.8824,16.8321,16.8321,16.1652,12.9932,0.1372,3.0916,29.111,3.6721,-14.4703,1.7675,2.7851,25.8836,-0.010107317,-0.005715,0.011643818,0.004178499,0.014730306,0.010740612,1,0,2,2,0,2,0,1,1,1
Q30,0.8939,50.3578,20.3896,20.3896,19.8208,15.9297,0.1476,3.053,29.4796,4.7774,-18.5747,2.3068,3.5972,25.8678,0.00784619,-0.001135196,-0.00721933,0.001651171,-0.00956335,0.006981638,2,2,1,2,1,1,1,1,1,1
Q31,0.7924,49.2367,19.7792,19.7792,19.1119,14.2535,0.1476,3.1777,28.3221,4.4897,-16.1881,2.1534,3.4813,25.3168,-0.00272742,-0.00547745,0.016711393,0.013049758,-0.016246639,0.013650302,0,0,0,1,1,1,1,1,1,1
Q32,0.7987,47.8889,13.061,13.061,12.46,9.2378,0.1457,3.1188,28.8575,2.8015,-10.487,1.3593,2.1555,25.0552,0.008561659,-0.00231668,-0.008458461,0.006748022,-0.001345985,0.006991578,2,1,1,1,1,1,1,1,1,1
Q33,0.8864,49.7815,16.5307,16.5307,15.9627,12.1954,0.148,3.0886,29.1392,3.8782,-13.7432,1.8623,2.9087,24.7931,-0.02448089,-0.023162142,-0.012306612,0.010889352,0.003860551,0.015906996,2,2,0,2,0,1,1,1,1,1
Q34,0.976,50.9357,20.2571,20.2571,23.531,18.0023,0.1585,3.0872,29.1531,6.1602,-19.8723,2.9134,4.4826,24.6451,0.015025203,0.027221963,-0.002444329,0.016183724,0.001069686,0.012090707,1,2,1,1,1,1,1,1,0,1
Q35,0.9689,50.094,19.0511,19.0511,18.4483,13.2938,0.1526,2.9657,30.3472,4.4733,-13.8852,2.0995,3.2233,23.7539,0.034717565,-0.00014341,-0.003303353,-0.005047944,0.008351297,0.01637371,2,2,1,1,0,1,1,1,0,1
Q36,0.8797,48.6622,15.1365,15.1365,14.2842,18.2059,0.1402,3.055,29.4595,3.2559,-9.8717,1.5471,2.4038,23.3024,0.00136442,0.008748083,0.001350701,-0.001801303,-0.000450804,0.004083321,0,1,1,1,1,1,1,1,0,1
Q37,0.8589,49.3067,16.3365,16.3365,15.7819,11.9392,0.15,3.2571,27.632,3.76,-11.954,1.8075,2.7885,24.0535,-0.023380463,-0.023625541,-0.003781941,0.005039376,0.009847693,0.015682101,1,0,1,1,1,1,1,1,1,1
Q38,0.7939,50.0966,12.3252,12.3252,12.1827,7.7723,0.1619,3.149,28.5803,2.6255,-8.0648,1.2449,1.9865,23.5623,-0.012209424,-0.007961924,-0.005973938,0,-0.001104358,0.005021484,0,1,1,1,1,0,1,1,1,0
Q39,0.8268,49.8096,19.7399,19.7399,18.7831,14.0455,0.1576,3.27,27.5225,4.6559,-13.4466,2.1952,3.4077,23.8556,0.007215832,-0.008294992,-0.004328323,-0.018449618,0.000473339,0.009628888,2,0,2,1,2,1,1,1,1,1
Q40,0.805,48.8704,15.3429,15.3429,15.2872,11.5338,0.1427,3.1461,28.6065,3.5886,-10.802,1.7318,2.6612,24.5873,-0.009129439,-0.021064052,0.034480362,0.017774625,-0.006486122,0.022502361,0,2,2,0,1,2,0,0,1,1
Q1,1.8953,55.1721,18.777,18.777,19.8546,17.0843,0.1306,2.7293,32.9751,4.2114,7.565,2.2314,2.9732,19.764,-0.068429247,-0.001014737,-0.009179005,-0.017919172,0.006239199,0.029567487,2,1,2,2,2,2,2,2,2,1
Q2,1.9087,56.8025,29.4524,29.4524,37.4812,29.3173,0.1305,2.9457,30.5526,7.2275,13.0037,3.8258,5.0959,19.9503,-0.003223388,-0.042877303,-0.019703347,-0.01219413,0.003290685,0.017891053,2,2,2,2,2,2,0,1,0,2
Q3,1.6636,53.1337,27.5951,27.5951,27.4969,23.3241,0.1262,2.5676,35.0516,5.7354,11.3368,2.9437,3.8657,18.1928,-0.094087295,-0.010395104,-0.039864577,-0.02399147,-0.014585644,0.034079865,2,2,1,2,2,3,2,2,0,0
Q4,1.9746,53.2593,28.8777,28.8777,30.0841,25.8769,0.1293,2.6513,33.9462,6.2249,11.4043,3.3467,4.3225,19.2829,-0.161002863,-0.02171054,-0.030845133,0.000202125,-0.034117567,0.063757484,2,2,2,2,2,2,2,2,0,3
Q5,1.7368,60.6012,35.4953,35.4953,33.3569,28.5505,0.1342,2.3451,38.3776,7.4142,14.2778,3.8325,5.0182,18.0335,-0.05991258,0.060750223,0.004510917,-0.009210532,0.031953722,0.045410627,2,1,2,2,2,2,2,0,2,0
Q6,1.4002,58.7758,33.6335,33.6335,39.9228,34.168,0.148,2.6386,34.1091,8.9092,17.0912,5.0577,6.7161,18.0662,0.05734398,0.002250755,-0.003302829,0.016849683,-0.029866374,0.032037751,2,2,2,2,2,2,2,2,2,2
Q7,1.1952,58.8588,33.5956,33.5956,35.013,31.2142,0.1435,2.7892,32.2668,8.0682,15.5601,4.4779,6.1154,17.0671,0.03952337,0.03961814,-0.000177421,-0.000887377,0.000177579,0.02183917,2,2,0,3,2,2,1,2,0,2
Q8,1.4838,59.8485,27.9733,27.9733,28.6216,25.3196,0.1262,2.648,33.9879,5.5759,10.6839,3.196,4.1775,16.9181,0.003422062,-0.02226152,0.00348703,-0.003875238,-0.019406624,0.012374955,2,2,2,1,0,0,0,0,0,2
Q9,1.5367,56.5905,25.9884,25.9884,28.3108,24.7432,0.1241,2.3086,38.9845,5.395,10.5459,3.0697,3.9981,16.4532,-0.100227868,-0.010866631,-0.022681949,0.001958835,-0.005888128,0.041605627,2,2,2,2,2,2,1,3,2,2
Q10,1.7314,60.1758,33.3601,33.3601,30.2031,27.8448,0.1458,2.7755,32.4264,6.9673,13.5945,4.0598,5.2127,16.5109,0.007679231,0.032611534,0.011452096,0.015535477,-0.009049851,0.01498977,2,1,2,2,2,1,0,1,0,0
Q11,1.5117,64.4993,38.35,38.35,37.2697,33.3873,0.1494,3.5116,25.6291,8.9504,18.2957,4.989,6.6434,15.6624,0.046008321,0.019763915,-0.02108089,0.058853096,-0.028141297,0.038955983,1,2,2,2,2,2,2,2,0,2
Q12,1.5709,61.4255,31.0871,31.0871,32.5964,29.513,0.1346,3.6588,24.5985,7.1466,14.8997,3.9739,5.2873,15.1913,-0.072950079,-0.023447433,0.01272575,-0.003738328,0.009113539,0.03501572,2,2,2,1,0,0,2,0,0,1
Q13,1.5846,60.5689,27.8227,27.8227,31.1901,27.7231,0.1249,3.2929,27.3316,6.3479,13.3098,3.4636,4.6916,15.0569,0.059070102,-0.05334593,-0.017658846,0.027692035,-0.022862508,0.044515016,1,2,2,2,2,2,2,0,1,1
Q14,1.6934,63.203,31.8712,31.8712,35.3897,-4.0286,0.1384,3.0414,29.5919,-0.9954,-2.1546,-0.5574,-0.7304,14.7256,-0.001308645,-0.007887872,0.026268722,-0.011421281,0.004325283,0.014859556,1,2,2,0,1,0,0,2,2,2
Q15,1.6025,62.3197,31.8348,31.8348,36.7205,27.9646,0.1271,2.7123,33.1822,6.3663,13.485,3.5534,4.5878,15.1573,0.000489009,0.056778089,0.026887022,0.016057464,0.016891933,0.020901168,2,1,2,1,1,0,1,0,1,1
Q16,2.1625,61.6135,26.0245,26.0245,30.9693,19.0205,0.1209,2.7354,32.9019,4.0918,6.1503,2.2996,2.9104,14.6042,0.002302765,0.010013023,0.009631807,0.005342305,0.018614288,0.006162956,0,2,0,2,0,2,0,1,1,1
Q17,1.6925,61.9086,24.5472,24.5472,25.784,20.0324,0.1279,3.0067,29.9331,4.4342,6.8,2.563,3.3866,14.195,0.002443997,-0.02110536,0.000277029,0.007174377,0.009577369,0.012187604,2,2,1,2,1,2,1,0,0,0
Q18,1.749,61.9702,29.2232,29.2232,27.1162,21.754,0.1445,3.4913,25.7787,5.3786,8.355,3.1431,4.1001,14.0013,0.003862057,0.005765262,-0.00521474,-0.00275554,-0.002763259,0.004752134,2,1,2,2,2,2,2,2,0,0
Q19,1.8024,63.2716,28.2799,28.2799,27.3672,21.4096,0.1406,3.1862,28.2469,5.3521,8.5039,3.0102,3.8757,13.3182,0.001432848,-0.000572806,-0.008633235,-0.004344618,-0.027068496,0.011416871,1,2,2,2,0,0,1,0,1,0
Q20,1.6668,58.9153,9.7392,9.7392,12.3402,9.8278,0.1232,3.0576,29.4347,2.1673,3.9638,1.211,1.557,12.9795,0.001436966,-0.000287184,-0.020607402,0.005556454,0.014763572,0.012995199,2,2,1,2,2,2,2,2,2,0
Q21,1.5632,59.3344,18.7418,18.7418,18.3039,14.9321,0.1299,3.25,27.6923,3.3446,6.1828,1.9399,2.4666,12.9716,-0.013374848,-0.001314523,-0.007923441,-0.009993395,-0.008742498,0.004408843,2,2,2,2,1,1,2,1,0,0
Q22,2.4492,64.302,28.8253,28.8253,28.8521,24.2256,0.147,3.1155,28.8876,5.9147,7.8852,3.561,4.4538,12.928,0.026242633,0.006280562,0.003818807,0.022950145,-0.011237984,0.015279606,1,2,2,2,2,2,1,0,2,2
Q23,2.4009,62.9865,28.9803,28.9803,29.402,21.4933,0.1468,3.5272,25.5161,5.4451,7.3938,3.1547,4.0295,12.0713,0.001742201,-0.00786375,-0.002928327,-0.010909704,0.007972889,0.007538259,2,0,2,1,2,1,1,1,1,1
Q24,1.9743,62.5085,21.9477,21.9477,22.6071,20.5078,0.1458,3.4184,26.3282,4.6902,6.3773,2.9903,3.8762,12.1387,-0.01625481,0.015553531,0.015315319,0.005167957,0.000687065,0.0130774,2,2,0,2,2,2,0,2,2,0
Q25,1.7603,60.4804,20.4601,20.4601,20.9139,15.5856,0.1427,3.9375,22.8574,3.6268,4.9866,2.2241,2.9715,11.5825,-0.010234172,0.006834367,0.008017377,0.00459623,-0.00244867,0.007643512,1,2,2,1,3,1,0,1,2,1
Q26,1.7319,65.3556,30.2493,30.2493,31.6487,24.8692,0.1602,3.3253,27.0654,6.5533,9.0266,3.9837,5.3898,11.766,0.007914462,0.004370044,0.007241161,-0.011611205,-0.002923934,0.008254677,2,1,2,1,1,1,2,1,1,0
Q27,1.8457,64.9856,31.1942,31.1942,31.2629,22.791,0.1606,3.9907,22.5526,5.9155,8.0631,3.6605,4.8653,11.5448,0.015823551,-0.005345914,0.004753421,0.00207253,0.012929907,0.008517975,1,1,1,0,1,0,1,1,1,1
Q28,2.3676,64.4711,27.7926,27.7926,28.3566,20.2155,0.1507,3.9642,22.7034,4.7192,6.3648,3.046,3.8604,11.9739,-0.0067124,0.002339808,0.00116791,0.001166548,-0.006432806,0.004480109,2,2,1,1,1,0,0,1,1,0
Q29,2.2546,59.6443,19.6647,19.6647,20.9182,15.1207,0.1388,3.6417,24.714,3.3254,4.5457,2.0994,2.7103,11.673,-0.005985796,-0.018175417,0.007234013,-0.001518638,0.007192934,0.010573853,2,2,0,0,1,1,1,1,0,1
Q30,2.3647,61.9561,25.6542,25.6542,25.6686,18.975,0.1498,3.8621,23.3035,4.506,6.163,2.8422,3.6754,11.7286,0.006121203,0.003654833,-0.000811049,-0.004472408,0.016569376,0.008020446,0,2,2,0,1,2,1,1,1,1
Q31,2.2595,62.4045,25.9883,25.9883,29.1033,21.8794,0.1489,3.6254,24.8246,5.3199,7.4587,3.2578,4.2997,11.1506,0.00289914,0.009057259,0.00531377,-0.000407757,-0.000407923,0.004026715,2,0,0,1,1,1,1,1,0,1
Q32,2.5505,58.3093,21.224,21.224,21.021,15.6116,0.1496,3.6877,24.4056,3.7147,5.2335,2.3348,2.9855,10.8091,0.009976207,0.005594986,0.002999857,0.001710091,-0.009873424,0.007392099,2,2,2,1,0,1,0,1,1,1
Q33,2.4307,56.1685,20.0239,20.0239,19.4197,16.256,0.1514,3.5577,25.2973,3.9946,5.7394,2.4614,3.1786,10.3464,0.005561557,0.011874558,0.004207006,-0.0037855,0.020438659,0.009060666,2,2,1,1,1,0,0,1,1,1
Q34,2.4312,58.0025,23.4103,23.4103,23.7738,18.3127,0.1598,3.516,25.5969,4.82,6.9998,2.9259,3.8359,10.3566,-0.004258353,-0.016252755,-0.020940639,0.012228081,-0.003896738,0.012904595,2,1,1,0,1,1,1,1,1,1
Q35,1.9254,63.2756,28.5428,28.5428,29.1373,22.0852,0.1808,3.4172,26.3372,6.0322,8.8915,3.9924,5.2724,9.8894,-0.011423473,0.028540971,-0.016663251,-0.013257379,-0.008782059,0.018590624,2,2,2,2,1,1,1,1,0,1
Q36,2.4469,63.3583,28.3831,28.3831,29.1386,20.9392,0.1866,3.8095,23.6249,5.7955,8.4735,3.9073,5.0598,9.7305,0.002713694,-0.003490411,0.019619796,-0.001143537,0.009111672,0.0092877,0,2,2,0,2,2,1,0,0,1
Q37,2.1289,64.04,29.5212,29.5212,29.5522,21.2149,0.1797,3.1969,28.152,5.8554,8.7454,3.8125,5.0847,9.3408,-0.032653145,-0.017453685,-0.012656122,-0.014663005,0.009555392,0.015133266,2,2,1,1,1,0,1,1,1,1
Q38,2.151,64.4632,33.1173,33.1173,33.0309,24.1953,0.1953,3.8047,23.6552,7.3185,11.0563,4.7245,6.3402,9.1822,-0.018650299,0.006006018,-0.00751314,0.015341736,0.011812603,0.014190386,1,0,1,1,1,0,1,1,1,1
Q39,2.2418,63.3598,33.6191,33.6191,34.3708,24.3659,0.2017,3.7249,24.1615,7.52,11.3578,4.9156,6.5197,9.0107,0.010453785,-0.014244067,0.032381359,-0.009852287,-0.004133961,0.018922371,1,2,0,1,1,1,1,0,1,1
Q40,2.2312,60.6354,30.1949,30.1949,30.1642,22.6673,0.1972,3.8797,23.1975,6.0628,8.9836,4.4697,5.8135,9.2191,-0.036861605,0.001974379,-0.00049323,-0.006434126,0.031283162,0.024293885,2,2,1,0,2,1,0,2,1,0
