Feature,Q1,Q2,Q3,Q4,Q5,Q6,Q7,Q8,Q9,Q10,Q11,Q12,Q13,Q14,Q15,Q16,Q17,Q18,Q19,Q20,Q21,Q22,Q23,Q24,Q25,Q26,Q27,Q28,Q29,Q30,Q31,Q32,Q33,Q34,Q35,Q36,Q37,Q38,Q39,Q40,Q1,Q2,Q3,Q4,Q5,Q6,Q7,Q8,Q9,Q10,Q11,Q12,Q13,Q14,Q15,Q16,Q17,Q18,Q19,Q20,Q21,Q22,Q23,Q24,Q25,Q26,Q27,Q28,Q29,Q30,Q31,Q32,Q33,Q34,Q35,Q36,Q37,Q38,Q39,Q40,Q1,Q2,Q3,Q4,Q5,Q6,Q7,Q8,Q9,Q10,Q11,Q12,Q13,Q14,Q15,Q16,Q17,Q18,Q19,Q20,Q21,Q22,Q23,Q24,Q25,Q26,Q27,Q28,Q29,Q30,Q31,Q32,Q33,Q34,Q35,Q36,Q37,Q38,Q39,Q40,Q1,Q2,Q3,Q4,Q5,Q6,Q7,Q8,Q9,Q10,Q11,Q12,Q13,Q14,Q15,Q16,Q17,Q18,Q19,Q20,Q21,Q22,Q23,Q24,Q25,Q26,Q27,Q28,Q29,Q30,Q31,Q32,Q33,Q34,Q35,Q36,Q37,Q38,Q39,Q40,Q1,Q2,Q3,Q4,Q5,Q6,Q7,Q8,Q9,Q10,Q11,Q12,Q13,Q14,Q15,Q16,Q17,Q18,Q19,Q20,Q21,Q22,Q23,Q24,Q25,Q26,Q27,Q28,Q29,Q30,Q31,Q32,Q33,Q34,Q35,Q36,Q37,Q38,Q39,Q40,Q1,Q2,Q3,Q4,Q5,Q6,Q7,Q8,Q9,Q10,Q11,Q12,Q13,Q14,Q15,Q16,Q17,Q18,Q19,Q20,Q21,Q22,Q23,Q24,Q25,Q26,Q27,Q28,Q29,Q30,Q31,Q32,Q33,Q34,Q35,Q36,Q37,Q38,Q39,Q40,Q1,Q2,Q3,Q4,Q5,Q6,Q7,Q8,Q9,Q10,Q11,Q12,Q13,Q14,Q15,Q16,Q17,Q18,Q19,Q20,Q21,Q22,Q23,Q24,Q25,Q26,Q27,Q28,Q29,Q30,Q31,Q32,Q33,Q34,Q35,Q36,Q37,Q38,Q39,Q40,Q1,Q2,Q3,Q4,Q5,Q6,Q7,Q8,Q9,Q10,Q11,Q12,Q13,Q14,Q15,Q16,Q17,Q18,Q19,Q20,Q21,Q22,Q23,Q24,Q25,Q26,Q27,Q28,Q29,Q30,Q31,Q32,Q33,Q34,Q35,Q36,Q37,Q38,Q39,Q40,Q1,Q2,Q3,Q4,Q5,Q6,Q7,Q8,Q9,Q10,Q11,Q12,Q13,Q14,Q15,Q16,Q17,Q18,Q19,Q20,Q21,Q22,Q23,Q24,Q25,Q26,Q27,Q28,Q29,Q30,Q31,Q32,Q33,Q34,Q35,Q36,Q37,Q38,Q39,Q40,Q1,Q2,Q3,Q4,Q5,Q6,Q7,Q8,Q9,Q10,Q11,Q12,Q13,Q14,Q15,Q16,Q17,Q18,Q19,Q20,Q21,Q22,Q23,Q24,Q25,Q26,Q27,Q28,Q29,Q30,Q31,Q32,Q33,Q34,Q35,Q36,Q37,Q38,Q39,Q40
current-ratio,1.1417,1.163,1.3636,1.4695,1.496,1.5978,1.5401,1.5046,1.3154,1.3006,1.1329,1.3073,1.456,1.242,1.2761,1.3883,1.3906,1.2282,1.3527,1.3116,1.2831,1.0017,1.1088,1.0868,1.156,1.133,1.0801,1.4706,1.6326,1.4943,1.6786,1.8783,1.7837,1.5433,1.4958,1.5712,1.583,1.5827,1.6084,1.7461,1.6606,1.8751,1.6346,1.2499,1.2425,1.1346,1.0783,1.0619,0.8307,0.8313,0.8103,0.7329,0.738,0.8561,1.0927,0.9714,1.1253,1.0743,1.267,1.3816,1.0163,0.9897,1.1743,1.1024,1.3325,1.5092,1.8279,2.184,2.2328,1.875,1.0422,2.3216,0.982,0.9734,0.7375,1.1068,1.5225,1.9486,2.673,3.0112,4.0904,3.9229,6.0917,10.2911,7.6738,8.4203,8.6492,8.9848,7.9436,7.0808,7.4083,8.5425,8.0269,8.2561,7.8198,8.2564,4.774,4.0701,2.5575,2.4358,2.5746,6.8234,5.9915,6.6048,6.3761,5.7191,6.1902,5.8732,5.949,4.1076,4.1918,4.977,4.8916,4.4634,4.1233,4.256,4.1995,3.9474,3.4547,3.5639,2.294,2.5779,2.5276,2.5158,2.9043,2.8014,2.8545,2.5288,2.9685,3.1177,2.9176,2.9008,3.3958,2.8853,3.1198,2.9186,2.8134,2.0477,2.6851,2.3529,2.8954,2.9973,2.4627,2.4734,2.9056,2.4541,2.5158,2.504,3.2152,3.1673,2.8724,2.7118,2.9291,2.8071,2.6766,2.6029,2.937,2.8579,2.9468,2.6037,1.052,1.0502,1.1085,1.1812,1.0787,1.097,1.0959,1.1021,1.0901,1.0981,1.0824,1.0724,1.0579,1.04,1.032,1.012,1.0551,1.0448,1.063,1.089,1.0825,1.0536,1.0822,1.1037,1.1184,1.1153,0.8911,1.0002,1.0528,1.0716,1.0743,1.1052,1.1382,1.1207,1.0407,1.0756,1.1588,1.1741,1.3259,1.402,2.1164,2.1211,1.9052,1.5535,1.2487,1.2696,1.5632,1.6904,1.6248,1.5018,1.6113,1.6911,1.9407,2.0671,1.9034,1.6526,1.5192,1.4205,1.7789,1.8468,4.742,4.7551,1.8713,1.7392,1.8565,1.7013,1.5921,1.6983,1.7148,1.7708,1.8044,1.8908,1.9537,1.9714,1.4818,1.3877,2.8701,2.821,2.663,2.695,0.9722,0.8352,0.7931,0.7662,0.7945,0.8106,0.7644,0.7728,0.7989,0.8099,0.9259,0.7336,0.7598,0.8127,0.7796,0.7728,0.862,0.8553,0.8548,0.8409,0.9322,0.9237,0.8907,0.8924,0.9697,0.9203,0.8883,0.8788,0.8823,0.8717,0.8309,0.8181,0.8346,0.8254,0.8235,0.8304,0.8824,0.8806,0.858,0.9021,1.4296,1.6133,1.8547,1.9531,1.866,1.4199,1.3858,1.4915,1.405,1.3949,1.5516,1.513,1.6436,1.5691,1.6572,1.654,1.8161,1.8357,1.6537,1.702,1.6469,1.7521,1.6196,1.5777,1.743,1.7674,1.8731,1.8268,1.8922,1.8153,1.9482,2.0712,1.9898,1.9073,1.9947,1.9231,1.9826,1.8357,2.1749,2.028,0.7061,0.7767,0.8673,0.8487,0.825,0.6271,0.7247,0.7488,0.7865,0.7819,0.799,0.8259,0.9104,0.9428,0.9145,0.877,0.8901,0.8851,1.0855,1.0979,1.0944,1.134,1.1284,0.9952,0.99,0.9715,0.9076,0.9375,0.8757,0.8939,0.7924,0.7987,0.8864,0.976,0.9689,0.8797,0.8589,0.7939,0.8268,0.805,1.8953,1.9087,1.6636,1.9746,1.7368,1.4002,1.1952,1.4838,1.5367,1.7314,1.5117,1.5709,1.5846,1.6934,1.6025,2.1625,1.6925,1.749,1.8024,1.6668,1.5632,2.4492,2.4009,1.9743,1.7603,1.7319,1.8457,2.3676,2.2546,2.3647,2.2595,2.5505,2.4307,2.4312,1.9254,2.4469,2.1289,2.151,2.2418,2.2312
gross-margin,42.5065,39.7778,38.1604,37.9995,38.3619,38.3548,37.9653,37.5904,37.6127,37.9919,38.2894,38.3385,38.3107,38.4085,37.9068,38.513,38.9273,38.5139,38.0197,38.0235,39.4031,40.0978,39.8983,39.6754,40.7792,39.8678,38.0054,39.3647,39.3178,37.931,37.017,36.8712,37.4951,38.6337,40.0406,42.8119,47.3741,44.6831,40.2547,41.7276,21.3206,19.2293,23.5207,20.9907,20.6182,18.838,18.8958,14.5039,12.4642,19.9632,22.3329,15.4646,13.3928,13.3587,15.0482,23.8968,24.773,19.0524,27.703,21.6356,22.0102,17.998,24.7117,22.343,27.6709,27.3553,29.5668,27.6851,24.9988,25.4529,23.8481,24.8021,17.1451,7.7876,-17.4856,17.8667,33.8449,19.8984,29.8686,31.8165,63.1021,62.6322,58.8464,65.0649,64.8953,63.57,59.7519,58.3784,54.7392,60.3898,63.2405,64.4839,61.8688,59.522,58.3857,59.3702,59.9632,59.0319,57.8431,57.5479,56.3883,56.2452,54.987,56.7333,55.9552,55.1837,56.1197,54.7598,54.1476,55.4491,55.8245,54.3152,52.9046,52.8737,51.7796,50.1001,51.4075,52.216,51.6749,50.3621,68.7215,67.0489,70.3881,67.5571,68.6617,66.5149,68.5191,69.1194,66.7332,61.7413,65.9435,67.6184,65.4387,61.7401,66.2646,66.9752,65.2766,61.6627,64.2284,69.8314,62.3886,58.514,64.6352,66.33,67.044,61.7076,64.3421,67.3552,70.7004,66.059,72.2327,71.16,76.6363,73.4713,73.963,76.9478,77.2965,73.0046,78.2581,78.6492,42.4953,36.8532,40.6043,40.7729,41.3442,38.2676,40.9811,42.6897,43.1826,38.1264,41.6661,42.0792,39.7849,36.3241,37.0222,38.2137,37.1675,33.7944,35.0125,36.9162,35.2307,31.9057,33.9262,34.6129,32.2314,29.5179,28.9227,30.7187,28.803,26.5028,27.6504,28.6233,26.565,24.1255,25.2571,26.0714,23.9515,20.6586,23.4553,24.0896,100.0,100.0,100.0,100.0,100.0,100.0,100.0,100.0,100.0,100.0,100.0,100.0,100.0,100.0,100.0,100.0,100.0,100.0,100.0,100.0,100.0,100.0,100.0,100.0,100.0,100.0,100.0,100.0,100.0,100.0,100.0,100.0,100.0,100.0,100.0,100.0,100.0,100.0,100.0,100.0,24.2098,25.5137,25.4483,24.213,23.9449,25.0729,24.8924,24.9272,24.4148,25.444,25.3515,25.2531,24.6773,25.6797,25.8068,25.3986,25.3506,25.9733,25.9561,25.3313,25.1938,25.5196,25.0963,24.6834,24.6646,25.0032,25.0697,24.5703,24.4669,25.0683,25.1733,24.6156,24.736,24.8946,25.0599,24.6279,24.6667,25.0712,25.2327,24.9662,100.0,100.0,100.0,100.0,100.0,100.0,100.0,100.0,100.0,100.0,100.0,100.0,100.0,100.0,100.0,100.0,100.0,100.0,100.0,100.0,100.0,100.0,100.0,100.0,100.0,100.0,100.0,100.0,100.0,100.0,100.0,100.0,100.0,100.0,100.0,100.0,100.0,100.0,100.0,100.0,50.7317,53.1375,52.6763,49.4745,49.3668,51.3761,50.9889,47.7127,48.8094,48.8531,49.1672,45.0403,48.5044,49.9339,50.3453,47.7455,49.7853,50.7712,50.9505,47.9444,49.762,49.9852,50.6747,47.9652,47.2711,48.3212,48.1434,38.103,48.8824,50.3578,49.2367,47.8889,49.7815,50.9357,50.094,48.6622,49.3067,50.0966,49.8096,48.8704,55.1721,56.8025,53.1337,53.2593,60.6012,58.7758,58.8588,59.8485,56.5905,60.1758,64.4993,61.4255,60.5689,63.203,62.3197,61.6135,61.9086,61.9702,63.2716,58.9153,59.3344,64.302,62.9865,62.5085,60.4804,65.3556,64.9856,64.4711,59.6443,61.9561,62.4045,58.3093,56.1685,58.0025,63.2756,63.3583,64.04,64.4632,63.3598,60.6354
operating-margin,30.7008,30.0918,22.8369,21.9335,22.0414,27.8472,24.3988,21.4537,23.1233,27.6907,25.6248,23.6778,25.9974,29.7577,24.9529,23.7139,26.6504,29.8133,25.1025,23.8562,27.6658,31.8576,28.3936,28.3903,31.5084,32.5018,26.5057,27.4685,29.7792,30.3209,26.7667,26.0482,28.8008,31.571,30.4287,33.044,39.2589,37.4247,30.8101,32.827,5.7176,5.3518,9.2236,5.4175,4.7285,4.8619,4.1409,-2.6299,-11.4953,5.7344,6.0961,-15.5261,-17.513,-18.1862,-17.941,-8.6364,-9.5521,-11.6736,3.7252,-18.7431,-21.6403,-21.4376,-19.6055,-17.8212,-10.8999,-7.823,-4.5937,-3.7373,-7.0853,-2.1705,-7.0834,-2.9106,-0.994,-29.6688,-216.4698,-398.3604,-294.2387,-205.5263,-111.8111,-100.9764,30.1219,29.581,16.8391,31.6883,31.8841,30.7565,22.1404,16.1261,13.3333,33.26,37.0477,40.3804,36.8602,33.953,30.852,28.6009,33.7322,31.8862,22.1989,18.774,17.8444,18.774,6.5915,15.2911,18.5452,17.3878,14.7779,13.6899,14.5707,13.3769,10.7992,8.6705,16.5844,20.9463,13.3704,7.8741,12.8323,18.4856,17.1202,16.0973,40.8766,41.5475,42.7303,35.251,37.0492,37.6389,38.3785,36.7915,33.8262,31.5913,34.2284,34.4989,30.9184,30.0125,31.4125,30.002,28.9635,30.6087,30.623,33.9383,25.7318,25.3236,28.4263,-9.2561,30.3465,29.3767,25.1886,27.7222,34.1813,32.5013,34.1843,30.5237,37.1516,36.2183,33.1584,1.0632,36.6175,38.2763,41.4633,35.5329,8.1692,5.4741,6.4424,6.5717,5.2868,4.4375,4.5112,4.864,7.4037,5.2319,6.5823,5.6404,3.7753,3.5168,0.7933,1.6546,2.814,2.8692,1.7577,4.2264,3.6769,3.0996,1.6011,2.0013,1.1225,2.0151,-2.6435,-0.0776,0.7396,1.9933,-0.1463,0.5031,1.1263,1.9043,-0.2028,0.8337,1.4562,1.4916,0.7264,2.0276,62.5066,67.5928,61.5958,62.0012,67.0311,66.3363,60.8604,66.9178,66.2723,67.5082,62.6794,55.0573,65.7599,68.4286,66.1586,66.2432,62.7206,69.4912,61.6053,11.7906,67.1263,67.209,63.9317,64.2979,66.9111,66.1739,48.0644,64.0254,64.7487,65.832,58.8967,60.913,62.8803,63.2467,55.7305,-101.6374,62.2964,63.5257,57.1549,57.9242,3.608,4.2893,4.3988,3.8805,3.7566,3.6862,4.2822,3.9903,4.3713,3.9922,4.4912,4.2008,3.2781,3.8675,4.8389,4.4554,4.739,4.3316,5.1012,4.5512,5.1224,4.8668,5.0479,4.9466,6.0419,5.2647,5.6108,5.3871,5.6643,5.4543,5.8007,5.6439,6.7004,5.3541,5.8609,5.6517,6.7906,5.3327,5.8364,5.6589,52.8761,49.9515,54.8606,51.1844,55.1509,54.3498,59.4359,58.2786,56.9041,32.414,58.6711,52.824,50.9777,45.9541,57.1218,54.1435,55.0841,49.4557,57.9861,51.225,55.1104,43.9809,54.1107,52.3431,60.583,42.2231,57.0281,58.4037,59.1621,43.9771,56.2669,58.5878,58.0798,47.4406,55.4745,53.5165,56.8828,-0.5787,55.1155,53.0894,20.9012,27.2474,27.3372,19.6689,20.0593,24.5724,24.1038,-30.3732,19.6149,22.342,21.2942,15.6759,19.7101,22.5295,21.906,17.1653,21.5316,22.9889,22.8296,15.5384,21.06,22.7786,22.7991,5.2277,17.8677,19.3512,19.3543,17.0057,16.8321,20.3896,19.7792,13.061,16.5307,20.2571,19.0511,15.1365,16.3365,12.3252,19.7399,15.3429,18.777,29.4524,27.5951,28.8777,35.4953,33.6335,33.5956,27.9733,25.9884,33.3601,38.35,31.0871,27.8227,31.8712,31.8348,26.0245,24.5472,29.2232,28.2799,9.7392,18.7418,28.8253,28.9803,21.9477,20.4601,30.2493,31.1942,27.7926,19.6647,25.6542,25.9883,21.224,20.0239,23.4103,28.5428,28.3831,29.5212,33.1173,33.6191,30.1949
ebit-margin,30.7008,30.0918,22.8369,21.9335,22.0414,27.8472,24.3988,21.4537,23.1233,27.6907,25.6248,23.6778,25.9974,29.7577,24.9529,23.7139,26.6504,29.8133,25.1025,23.8562,27.6658,31.8576,28.3936,28.3903,31.5084,32.5018,26.5057,27.4685,29.7792,30.3209,26.7667,26.0482,28.8008,31.571,30.4287,33.044,39.2589,37.4247,30.8101,32.827,5.7176,5.3518,9.2236,5.4175,4.7285,4.8619,4.1409,-2.6299,-11.4953,5.7344,6.0961,-15.5261,-17.513,-18.1863,-17.941,-8.6364,-9.5521,-11.6736,3.7252,-18.7431,-21.6403,-21.4376,-19.6055,-17.8212,-10.8999,-7.823,-4.5937,-3.7373,-7.0853,-2.1705,-7.0834,-2.9106,-0.994,-29.6688,-216.4698,-398.3604,-294.2387,-205.5263,-111.8111,-100.9764,30.1219,29.581,16.8391,31.6883,31.8841,30.7565,22.1404,16.1261,13.3333,33.26,37.0477,40.3804,36.8602,33.953,30.852,28.6009,33.7322,31.8862,22.1989,18.774,17.8444,18.774,6.5915,15.2911,18.5452,17.3878,14.7779,13.6899,14.5707,13.3769,10.7992,8.6705,16.5844,20.9463,13.3704,7.8741,12.8323,18.4856,17.1202,16.0973,40.8766,41.5475,42.7303,35.251,37.0492,37.6389,38.3785,36.7915,33.8262,31.5913,34.2284,34.4989,30.9184,30.0125,31.4125,30.002,28.9635,30.6087,30.623,33.9383,25.7318,25.3236,28.4263,-9.2561,30.3465,29.3767,25.1886,27.7222,34.1813,32.5013,34.1843,30.5237,37.1516,36.2183,33.1584,1.0632,36.6175,38.2763,41.4633,35.5329,8.1692,5.4741,6.4424,6.5717,5.2868,4.4375,4.5112,4.864,7.4037,5.2319,6.5823,5.6404,3.7753,3.5168,0.7933,1.6546,2.814,2.8692,1.7577,4.2264,3.6769,3.0996,1.6011,2.0013,1.1225,2.0151,-2.6435,-0.0776,0.7396,1.9933,-0.1463,0.5031,1.1263,1.9043,-0.2028,0.8337,1.4562,1.4916,0.7264,2.0276,62.5066,67.5928,61.5958,62.0012,67.0311,66.3363,60.8604,66.9178,66.2723,67.5082,62.6794,55.0573,65.7599,68.4286,66.1586,66.2432,62.7206,69.4912,61.6053,11.7906,67.1263,67.209,63.9317,64.2979,66.9111,66.1739,48.0644,64.0254,64.7487,65.832,58.8967,60.913,62.8803,63.2467,55.7305,-101.6374,62.2964,63.5257,57.1549,57.9242,3.608,4.2893,4.3988,3.8805,3.7566,3.6862,4.2822,3.9903,4.3713,3.9922,4.4912,4.2008,3.2781,3.8675,4.8389,4.4554,4.739,4.3316,5.1012,4.5512,5.1224,4.8668,5.0479,4.9466,6.0419,5.2647,5.6108,5.3871,5.6643,5.4543,5.8007,5.6439,6.7004,5.3541,5.8609,5.6517,6.7906,5.3327,5.8364,5.6589,52.8761,49.9515,54.8606,51.1844,55.1509,54.3498,59.4359,58.2786,56.9041,32.414,58.6711,52.824,50.9777,45.9541,57.1218,54.1435,55.0841,49.4557,57.9861,51.225,55.1104,43.9809,54.1107,52.3431,60.583,42.2231,57.0281,58.4037,59.1621,43.9771,56.2669,58.5878,58.0798,47.4406,55.4745,53.5165,56.8828,-0.5787,55.1155,53.0894,20.9012,27.2474,27.3372,19.6689,20.0593,24.5724,24.1038,-30.3732,19.6149,22.342,21.2942,15.6759,19.7101,22.5295,21.906,17.1653,21.5316,22.9889,22.8296,15.5384,21.06,22.7786,22.7991,5.2277,17.8677,19.3512,19.3543,17.0057,16.8321,20.3896,19.7792,13.061,16.5307,20.2571,19.0511,15.1365,16.3365,12.3252,19.7399,15.3429,18.777,29.4524,27.5951,28.8777,35.4953,33.6335,33.5956,27.9733,25.9884,33.3601,38.35,31.0871,27.8227,31.8712,31.8348,26.0245,24.5472,29.2232,28.2799,9.7392,18.7418,28.8253,28.9803,21.9477,20.4601,30.2493,31.1942,27.7926,19.6647,25.6542,25.9883,21.224,20.0239,23.4103,28.5428,28.3831,29.5212,33.1173,33.6191,30.1949
pre-tax-profit-margin,31.2679,30.1322,23.0316,22.0106,22.525,28.2273,25.1827,22.1357,23.7749,28.3549,26.1065,24.9395,26.4455,30.614,26.4687,24.9031,27.7601,30.8611,26.0138,24.7155,27.9724,32.3874,29.246,29.1765,32.0014,32.7297,27.2345,28.0081,30.2721,30.748,27.0682,26.7106,29.5966,32.4186,30.2869,33.8663,39.6366,37.7204,31.0966,33.429,5.1304,3.5276,6.3277,2.4851,1.1696,2.3564,2.7923,-5.8268,-14.2039,3.2109,3.9713,-18.2148,-22.8536,-23.7151,-22.4965,-13.8294,-13.7932,-9.1218,1.3057,-22.798,-24.2728,-25.9679,-24.3464,-18.9596,-16.0809,-10.8622,-8.333,-7.8963,-7.8949,-2.4229,-8.7443,-7.4545,2.029,-29.4063,-220.9165,-395.8054,-297.7227,-206.6692,-112.7025,-101.0194,29.4024,28.5231,15.7527,31.8507,32.7214,31.8182,23.4975,17.5225,14.6939,33.983,37.7842,40.8793,37.1007,33.9909,30.6727,27.6717,33.41,30.988,22.1989,18.4674,18.1299,18.774,6.2446,14.9435,18.2254,17.0612,14.0526,14.7779,14.74,13.424,11.4425,9.2237,16.8134,21.0635,13.9052,8.3357,13.0694,19.2075,17.4662,16.266,41.3274,42.569,43.3978,35.2904,36.6723,38.1645,38.3785,37.358,34.3005,31.9824,35.143,35.4994,32.2197,31.7069,32.5373,31.0799,30.5618,31.0617,31.1337,34.9176,24.5288,24.605,27.0524,-7.917,29.9922,29.6562,25.4127,28.1285,34.0979,32.1302,34.5836,30.8856,37.1077,36.2137,34.5702,1.9879,36.5543,39.4494,42.0562,36.3851,9.462,6.1845,7.082,6.9968,4.4836,4.6365,3.761,4.5565,7.3719,4.6282,5.9919,4.9257,3.7538,3.095,0.7224,1.7547,2.6684,2.6657,1.5009,3.8778,3.6254,2.6241,0.9741,1.5614,0.0924,1.4662,-3.0808,-0.1396,0.6079,1.7627,-0.2516,0.1083,0.504,1.5798,-0.1594,1.1376,0.6371,1.5604,1.1953,2.2697,63.3269,65.9047,59.8902,60.6161,65.4083,65.6426,60.4693,66.1986,66.9276,65.9281,65.1086,53.6641,63.4142,66.6187,63.8311,63.8335,60.3529,66.7788,58.9064,11.6253,67.3194,74.0253,63.9317,61.6259,66.9405,66.8835,48.0025,64.3423,65.1597,66.0222,59.4013,61.0796,62.7789,63.2818,58.1472,-101.6374,62.4127,63.4865,56.8191,66.4513,-0.3899,5.2818,6.277,4.0083,4.0043,3.4166,3.7683,4.1614,4.0809,2.0625,0.3109,2.3001,2.1751,2.3372,3.7339,3.9765,4.3151,3.8366,4.6329,4.0672,4.6997,4.3966,4.5962,4.229,5.5965,4.7134,5.163,4.893,5.2372,4.953,5.3283,5.1793,6.3265,4.8743,5.4191,5.1783,6.3604,4.8473,5.3079,5.1618,52.7076,52.6214,49.9088,50.6747,49.5635,56.0716,56.7271,61.2448,56.647,31.9149,58.0811,52.442,50.3631,44.8068,56.857,53.3246,54.06,47.5689,56.7014,50.6682,54.6607,40.7231,53.4387,51.9247,60.0897,41.7669,56.9478,57.9814,58.9779,43.5469,56.5374,58.8263,57.8174,47.1768,55.5787,53.4615,56.8828,-0.5787,56.6557,53.5093,21.4092,24.6999,27.42,19.5559,20.3207,24.8465,24.4016,-29.6303,19.9125,22.4567,23.607,13.8702,19.9803,23.1848,22.5245,18.2039,21.3778,19.3166,22.6299,16.6812,20.476,22.483,22.1093,7.1332,17.531,18.7726,18.6831,16.92,16.1652,19.8208,19.1119,12.46,15.9627,23.531,18.4483,14.2842,15.7819,12.1827,18.7831,15.2872,19.8546,37.4812,27.4969,30.0841,33.3569,39.9228,35.013,28.6216,28.3108,30.2031,37.2697,32.5964,31.1901,35.3897,36.7205,30.9693,25.784,27.1162,27.3672,12.3402,18.3039,28.8521,29.402,22.6071,20.9139,31.6487,31.2629,28.3566,20.9182,25.6686,29.1033,21.021,19.4197,23.7738,29.1373,29.1386,29.5522,33.0309,34.3708,30.1642
net-profit-margin,26.3775,25.8034,19.5879,18.854,19.2907,24.2172,21.371,18.666,19.9276,23.6805,22.4563,21.6258,22.6082,22.7255,20.377,19.1971,20.8504,22.8344,19.2393,18.405,20.8003,24.2,21.5996,21.524,23.3908,24.1612,20.1007,20.6989,22.3963,22.6968,20.047,19.534,21.8953,23.9911,22.8633,25.1949,29.6586,28.1959,23.4277,25.5784,4.216,2.513,3.4204,1.723,0.2673,1.422,2.2688,-6.4252,-15.6353,1.9387,4.5574,-17.9285,-20.8156,-20.555,-20.7519,-12.0592,-12.2494,-5.311,0.9519,-23.0854,-24.6081,-26.3836,-24.5368,-19.2913,-16.4043,-11.2508,-8.7706,-8.0458,-8.0252,-2.6436,-8.9246,-7.5288,2.0022,-29.358,-221.148,-396.2143,-297.9183,-206.9562,-112.8533,-101.2584,29.1225,28.2692,16.089,29.7727,30.628,29.8275,21.4036,17.7478,25.6689,38.6671,35.2546,38.7902,38.4404,31.7906,26.1435,26.1745,30.1427,27.0459,18.2773,15.9387,14.8465,18.8506,2.255,11.6421,15.4277,14.1225,11.6047,12.4207,12.8426,11.2654,9.8694,8.1584,15.7171,17.3639,11.3999,6.5346,12.1722,16.7207,14.911,14.0555,37.0618,35.897,37.393,29.4534,30.7016,31.564,32.3037,39.1108,28.8149,25.9308,30.3397,29.4931,27.6819,-21.7927,26.7993,31.5134,23.6343,24.2662,25.8437,25.949,18.2943,21.0876,24.0542,-14.4049,22.9417,22.1496,19.5681,19.7246,27.741,26.7466,28.3016,24.9548,29.5524,29.7213,27.8986,-2.7244,29.3445,31.7165,33.0302,33.8228,7.4707,5.7521,6.5848,5.8968,3.3598,3.7375,3.0494,4.1401,5.9648,4.1819,5.0958,4.7914,3.1915,3.0702,0.5852,0.519,2.0272,1.7124,0.7703,2.8187,1.7612,1.3484,0.3115,0.3968,-0.2509,0.7297,-2.1235,-0.6515,0.5471,0.938,-0.2399,-0.0446,0.5103,0.4608,-1.9846,0.0545,0.986,1.0097,0.5793,1.9268,52.819,54.9675,41.8938,49.0593,52.6819,54.0469,49.2912,53.0993,54.1864,54.0683,52.3555,44.4466,51.3503,51.8717,44.0783,45.1041,9.6046,46.4022,45.318,11.3499,47.0767,54.446,42.3411,48.2376,45.4679,46.3927,33.2301,43.1062,50.5217,44.5959,40.0942,40.8197,42.9344,45.4322,60.8568,-71.6959,50.1164,40.4005,36.9282,43.2817,-1.3749,3.8119,4.7015,2.9639,2.923,2.5689,2.7689,3.1003,2.6565,1.3692,-0.6725,1.7393,1.5961,1.4199,2.3501,2.5855,2.8693,2.5673,3.1219,2.6565,3.5275,2.8141,2.8903,2.9096,3.7746,3.1185,3.4073,3.1254,3.4162,3.2311,3.4828,3.3173,4.3948,3.1942,3.5141,3.3112,4.2069,3.0265,3.4755,3.2623,43.9952,43.3252,39.4319,42.5787,42.23,47.5759,47.1905,49.7933,47.8786,23.6144,48.7173,42.8104,41.676,6.8539,42.0836,38.5522,39.5391,33.8534,41.1111,36.4885,39.2069,35.3596,38.6166,38.5356,45.7399,33.2227,40.7631,39.3159,40.0553,29.7801,39.6303,40.458,40.1889,31.9261,40.2503,38.4615,38.7941,1.0995,39.439,36.4727,17.6929,19.1846,21.7983,15.4255,16.5737,20.0274,19.8225,-31.0577,16.286,17.9436,18.7717,11.0525,14.9684,13.9868,16.7597,13.3839,15.777,46.3574,16.0492,11.7253,17.0549,18.5752,15.3446,2.9286,12.7171,12.4466,10.2818,19.5464,12.9932,15.9297,14.2535,9.2378,12.1954,18.0023,13.2938,18.2059,11.9392,7.7723,14.0455,11.5338,17.0843,29.3173,23.3241,25.8769,28.5505,34.168,31.2142,25.3196,24.7432,27.8448,33.3873,29.513,27.7231,-4.0286,27.9646,19.0205,20.0324,21.754,21.4096,9.8278,14.9321,24.2256,21.4933,20.5078,15.5856,24.8692,22.791,20.2155,15.1207,18.975,21.8794,15.6116,16.256,18.3127,22.0852,20.9392,21.2149,24.1953,24.3659,22.6673
asset-turnover,0.2657,0.3148,0.1998,0.1881,0.182,0.2696,0.1892,0.167,0.1696,0.2256,0.172,0.1525,0.1664,0.217,0.1401,0.1316,0.1581,0.2366,0.1456,0.1386,0.1656,0.2587,0.1774,0.1816,0.2221,0.2848,0.1817,0.1682,0.2216,0.2558,0.181,0.1767,0.2239,0.278,0.2043,0.215,0.2596,0.3341,0.2429,0.2676,0.1961,0.206,0.192,0.1583,0.1607,0.2152,0.1922,0.1992,0.1571,0.243,0.2332,0.1434,0.125,0.1148,0.1062,0.1071,0.1076,0.1008,0.1825,0.107,0.1248,0.1505,0.1241,0.1476,0.1536,0.1641,0.1567,0.1522,0.1379,0.2545,0.1991,0.2146,0.4912,0.2749,0.0619,0.0343,0.0396,0.0552,0.0824,0.09,0.1738,0.1758,0.1535,0.1325,0.1793,0.1906,0.1746,0.1583,0.1659,0.2329,0.2424,0.2798,0.259,0.2682,0.2372,0.2058,0.2208,0.2085,0.1914,0.1836,0.1901,0.1819,0.1652,0.1579,0.1737,0.1779,0.1591,0.1607,0.1578,0.1845,0.1755,0.152,0.1726,0.1982,0.1772,0.162,0.1717,0.2095,0.209,0.2031,0.135,0.1416,0.1234,0.1262,0.1227,0.1305,0.1185,0.1177,0.1161,0.1254,0.1129,0.1162,0.1092,0.113,0.0985,0.1023,0.1032,0.115,0.1032,0.1367,0.1129,0.1321,0.1179,0.1271,0.123,0.1514,0.1368,0.1356,0.1307,0.1597,0.1302,0.1397,0.1528,0.1667,0.1313,0.1489,0.1475,0.1861,0.1617,0.1598,0.3359,0.3909,0.3407,0.3442,0.341,0.3882,0.3515,0.3313,0.3352,0.445,0.3937,0.3944,0.4039,0.4604,0.3795,0.4324,0.4411,0.5245,0.4614,0.4672,0.4765,0.5521,0.451,0.4421,0.4537,0.5381,0.5091,0.5103,0.5429,0.6371,0.5365,0.5301,0.5663,0.6533,0.6046,0.6105,0.6483,0.6896,0.5708,0.5525,0.0714,0.0707,0.063,0.0621,0.0804,0.081,0.0846,0.0831,0.0786,0.0768,0.0785,0.0769,0.0735,0.0724,0.0714,0.0713,0.0708,0.0704,0.0665,0.0568,0.0667,0.0648,0.0907,0.0892,0.0878,0.087,0.0837,0.0837,0.0849,0.087,0.0827,0.0851,0.0844,0.0794,0.0683,0.0662,0.07,0.0712,0.0686,0.0674,0.6023,0.537,0.5803,0.578,0.599,0.5337,0.5551,0.5284,0.6329,0.5512,0.6213,0.5987,0.6663,0.5882,0.612,0.5885,0.6585,0.5713,0.6107,0.5833,0.6497,0.5723,0.6053,0.572,0.6465,0.573,0.5895,0.5677,0.6335,0.5512,0.5813,0.5642,0.628,0.5529,0.5841,0.5734,0.6346,0.5646,0.5641,0.5595,0.1194,0.1227,0.1214,0.1038,0.1308,0.151,0.1719,0.1663,0.1653,0.1531,0.167,0.1631,0.156,0.1553,0.1625,0.1539,0.1472,0.1476,0.1663,0.1655,0.1538,0.1549,0.1729,0.1565,0.1524,0.1573,0.1699,0.1647,0.1467,0.1469,0.1615,0.1744,0.1614,0.1521,0.1583,0.1619,0.1579,0.1616,0.1879,0.1847,0.1551,0.1644,0.1611,0.1466,0.1452,0.1633,0.156,0.1485,0.1353,0.141,0.1409,0.1395,0.1309,0.1374,0.1356,0.1335,0.1321,0.144,0.128,0.1267,0.1236,0.131,0.1279,0.1374,0.1293,0.1357,0.1358,0.0889,0.1372,0.1476,0.1476,0.1457,0.148,0.1585,0.1526,0.1402,0.15,0.1619,0.1576,0.1427,0.1306,0.1305,0.1262,0.1293,0.1342,0.148,0.1435,0.1262,0.1241,0.1458,0.1494,0.1346,0.1249,0.1384,0.1271,0.1209,0.1279,0.1445,0.1406,0.1232,0.1299,0.147,0.1468,0.1458,0.1427,0.1602,0.1606,0.1507,0.1388,0.1498,0.1489,0.1496,0.1514,0.1598,0.1808,0.1866,0.1797,0.1953,0.2017,0.1972
receiveable-turnover,2.7117,1.901,1.7278,1.8608,1.9009,2.2986,1.3981,2.0325,2.2077,2.2798,1.2838,2.0201,2.7284,1.7347,1.4739,2.0064,2.5663,2.8006,1.5991,2.2245,2.5503,3.0816,1.6973,2.4918,3.1937,2.4886,1.5476,2.2227,2.8853,2.2857,1.8154,2.6257,3.2696,2.5314,1.9241,2.4495,2.846,2.8108,2.4127,2.4907,5.4968,5.6967,4.992,4.0646,4.6978,5.577,5.5878,5.5357,4.3374,7.6144,5.9082,7.023,5.2214,6.3807,4.9112,6.1506,6.123,4.5771,7.0311,7.1112,3.6064,7.1872,7.8089,6.8878,4.6982,4.2217,5.4293,7.9637,8.5734,12.5276,9.0657,3.5681,12.1761,11.4124,5.4675,2.4179,2.22,4.1278,3.1598,2.4958,2.0597,1.8562,1.8551,1.6151,1.8739,2.0715,1.6521,1.7874,1.5485,1.4335,1.8791,2.6287,2.3012,2.2588,1.8384,1.9846,2.6308,2.4058,2.2174,2.4952,2.7743,2.4347,2.2432,2.5297,2.6392,2.1743,2.3487,2.7823,2.6833,2.3545,2.3372,2.7514,2.4368,2.7062,2.345,2.2495,2.8357,2.8718,2.4206,2.8031,1.5845,1.5772,1.6259,1.1881,1.5428,1.5688,1.7318,1.142,1.5865,1.6499,1.6725,1.1361,1.5585,1.5692,1.6852,1.1415,1.8019,1.8006,1.9703,1.4471,1.6764,1.6403,1.7808,1.2386,1.7485,1.6354,1.8003,1.1964,1.5117,1.5338,1.6834,1.1378,1.7087,1.4986,1.6217,1.1444,1.5881,1.5308,1.711,1.1588,4.4678,5.1159,4.6153,4.4639,4.2303,4.2005,4.1441,3.786,3.7362,4.3403,3.968,4.195,4.2443,4.5923,4.1436,4.7173,4.873,5.2454,4.9823,4.9908,5.7429,6.3223,4.6614,4.7124,4.7605,5.2259,4.7059,4.6885,5.0041,5.3673,5.5911,5.489,6.3871,5.5719,5.7717,6.3066,7.2725,6.7799,7.2701,6.8936,1.7764,1.7017,1.77,1.3572,1.9858,1.227,1.337,1.8137,1.8449,1.216,1.9477,1.8483,1.3492,1.6771,1.9009,1.8086,1.0104,1.8186,1.699,1.4152,2.6701,2.6117,2.8454,2.2043,2.1644,2.4157,2.0081,1.9415,1.9561,1.8049,1.7468,1.6328,1.2059,0.9484,2.014,2.0752,2.2167,2.2381,2.4516,2.4289,23.3393,23.3463,26.9501,26.7691,22.5447,22.8067,24.2246,23.1982,22.0902,21.5893,25.5954,26.8586,24.2727,21.0024,22.8647,22.3804,22.4398,22.1143,22.9107,22.3451,23.056,23.4254,22.7922,19.7533,19.4106,19.5372,19.5452,18.8583,19.4258,18.6413,19.4847,18.4251,18.8474,20.4419,21.3014,20.2745,20.6717,23.1713,20.7723,21.7741,1.5691,1.5571,1.6279,1.5533,1.6424,1.7558,1.7868,1.5777,1.5091,1.6727,1.7119,1.6936,1.6871,1.6821,1.8288,1.7875,1.7605,1.9463,2.2188,2.2394,2.0624,2.3327,2.3404,2.1188,2.0802,2.174,2.3249,2.0882,2.1829,2.1656,2.2404,2.2086,2.0255,2.0486,2.1031,2.1564,2.165,2.1386,2.3827,2.338,3.7254,4.0973,3.8307,4.236,3.7099,3.5104,3.4606,3.4526,3.167,3.4497,3.3148,3.5218,3.162,3.3568,3.3697,3.5,3.5808,3.5644,3.5048,3.6821,3.4317,3.5829,3.4985,3.8945,3.3928,3.1877,3.029,2.0092,3.0916,3.053,3.1777,3.1188,3.0886,3.0872,2.9657,3.055,3.2571,3.149,3.27,3.1461,2.7293,2.9457,2.5676,2.6513,2.3451,2.6386,2.7892,2.648,2.3086,2.7755,3.5116,3.6588,3.2929,3.0414,2.7123,2.7354,3.0067,3.4913,3.1862,3.0576,3.25,3.1155,3.5272,3.4184,3.9375,3.3253,3.9907,3.9642,3.6417,3.8621,3.6254,3.6877,3.5577,3.516,3.4172,3.8095,3.1969,3.8047,3.7249,3.8797
days-sales-in-receivables,33.1894,47.3425,52.0889,48.3664,47.3467,39.1546,64.3716,44.28,40.7657,39.4768,70.1041,44.5514,32.9869,51.8831,61.0618,44.8573,35.0703,32.1365,56.2817,40.4594,35.2901,29.2056,53.0256,36.1179,28.1807,36.1646,58.1561,40.4918,31.1922,39.376,49.5754,34.2771,27.5266,35.5529,46.7742,36.7421,31.6238,32.0195,37.3021,36.1342,16.3731,15.7986,18.0287,22.1422,19.1579,16.1376,16.1066,16.2581,20.7499,11.8198,15.233,12.815,17.2369,14.105,18.3256,14.6326,14.6986,19.663,12.8003,12.6561,24.9554,12.5223,11.5253,13.0666,19.1564,21.3183,16.5766,11.3013,10.4976,7.1841,9.9275,25.2233,7.3915,7.8861,16.461,37.2217,40.5413,21.8034,28.483,36.0613,43.6958,48.485,48.5153,55.724,48.029,43.4473,54.4746,50.3514,58.1225,62.7821,47.8963,34.2376,39.1103,39.8445,48.9552,45.3485,34.2108,37.4102,40.5882,36.069,32.4411,36.9655,40.1214,35.5778,34.1007,41.3927,38.3194,32.3476,33.5404,38.224,38.5076,32.7103,36.9343,33.2569,38.379,40.0096,31.7384,31.3394,37.1808,32.107,56.8019,57.0638,55.3531,75.7497,58.3339,57.3687,51.9688,78.8077,56.7273,54.5471,53.8131,79.2186,57.7471,57.3525,53.4066,78.8436,49.9474,49.9834,45.6772,62.1949,53.6861,54.8676,50.5403,72.6655,51.4718,55.0336,49.9905,75.2271,59.5368,58.6786,53.4638,79.0983,52.6717,60.0545,55.4966,78.6422,56.672,58.792,52.6002,77.6663,20.1442,17.5921,19.5006,20.1617,21.275,21.4262,21.7178,23.7718,24.089,20.736,22.6814,21.4543,21.2049,19.598,21.7202,19.0789,18.4692,17.158,18.0638,18.0332,15.6715,14.2354,19.3075,19.0986,18.9057,17.2218,19.1248,19.196,17.9854,16.7682,16.097,16.3965,14.0909,16.1524,15.5932,14.2707,12.3754,13.2746,12.3796,13.0556,50.6633,52.8891,50.8489,66.3138,45.3229,73.3499,67.313,49.6233,48.7841,74.0138,46.2091,48.6928,66.7061,53.6631,47.345,49.7612,89.0753,49.4889,52.9735,63.595,33.7066,34.46,31.6298,40.83,41.5811,37.2561,44.8188,46.355,46.0101,49.8637,51.5237,55.1216,74.6349,94.9016,44.6869,43.3684,40.6012,40.212,36.71,37.0543,3.8562,3.855,3.3395,3.3621,3.9921,3.9462,3.7152,3.8796,4.0742,4.1687,3.5163,3.3509,3.7079,4.2852,3.9362,4.0214,4.0107,4.0698,3.9283,4.0277,3.9035,3.842,3.9487,4.5562,4.6366,4.6066,4.6047,4.7724,4.633,4.828,4.619,4.8846,4.7752,4.4027,4.2251,4.4391,4.3538,3.8841,4.3327,4.1334,57.3574,57.801,55.2854,57.94,54.7992,51.2596,50.3694,57.046,59.6374,53.8062,52.5731,53.1405,53.3464,53.5054,49.2113,50.3505,51.1229,46.2409,40.5625,40.1893,43.6386,38.5817,38.4546,42.477,43.2646,41.3978,38.7108,43.0997,41.2293,41.5583,40.1713,40.7491,44.4334,43.9314,42.7946,41.7363,41.57,42.0833,37.7723,38.4943,24.1587,21.9656,23.4947,21.2465,24.2593,25.6382,26.0069,26.067,28.4182,26.0896,27.151,25.5554,28.4632,26.8112,26.7087,25.7143,25.1343,25.2498,25.6793,24.4423,26.226,25.1191,25.7252,23.1096,26.5269,28.2336,29.7123,44.7931,29.111,29.4796,28.3221,28.8575,29.1392,29.1531,30.3472,29.4595,27.632,28.5803,27.5225,28.6065,32.9751,30.5526,35.0516,33.9462,38.3776,34.1091,32.2668,33.9879,38.9845,32.4264,25.6291,24.5985,27.3316,29.5919,33.1822,32.9019,29.9331,25.7787,28.2469,29.4347,27.6923,28.8876,25.5161,26.3282,22.8574,27.0654,22.5526,22.7034,24.714,23.3035,24.8246,24.4056,25.2973,25.5969,26.3372,23.6249,28.152,23.6552,24.1615,23.1975
roe,34.1583,43.4208,19.3958,15.5682,14.3436,24.8361,15.1247,10.413,10.921,16.935,13.1828,10.021,10.8939,14.3118,7.9927,6.5826,8.2256,13.5139,7.0285,6.1608,8.0609,14.3147,9.3201,8.4956,10.5181,14.6147,7.5905,6.4065,8.5065,10.0799,6.0802,5.5937,7.0463,10.2697,6.9563,7.8965,11.3388,14.5069,8.6445,10.5389,1.9444,1.2828,2.1845,1.2029,0.6773,1.7678,2.1796,-5.9206,-12.2174,3.6535,4.7904,-15.7101,-14.7637,-14.7333,-11.6224,-6.4593,-6.8517,-3.9629,0.8162,-11.6331,-29.0888,-29.565,-17.4843,-25.7324,-18.6661,-11.8055,-7.7976,-6.4998,-5.4602,-2.4379,-6.8235,-4.846,6.6721,-72.1195,397.5031,-169.7387,-58.4069,-36.3717,-22.1265,-16.9042,8.6249,8.7127,4.4703,7.0005,7.7925,8.0168,5.3406,4.0602,6.0587,12.9815,12.5185,16.1203,14.9779,13.1927,9.7606,8.2681,11.3676,10.1803,5.8259,4.9571,4.6543,5.5095,0.6213,2.9412,4.3685,4.1145,2.9734,3.2877,3.297,2.7481,2.3117,1.6143,3.6036,4.427,2.673,1.4096,2.7987,4.4866,4.1083,3.9219,11.4918,11.8731,11.2592,9.4688,9.3903,10.5795,10.0678,12.8867,9.2859,9.1395,10.2644,10.7268,9.3691,-8.0424,7.3354,9.1995,7.8676,9.1078,8.0529,9.5323,5.021,6.5356,6.3297,-3.9896,5.5308,6.3812,5.0349,5.1368,6.4742,7.7062,6.4232,6.2893,7.8956,8.7867,6.4879,-0.7414,7.4397,10.3305,9.6614,10.2903,7.8465,7.732,7.6484,7.1113,3.8837,5.2659,3.7765,4.9471,7.3559,6.9508,7.3687,7.241,5.1775,6.6982,1.0382,0.8486,3.3404,3.8838,1.4172,5.182,3.4766,3.6013,0.6356,0.7818,-0.5242,1.9924,-4.2279,-1.1885,1.0457,2.4625,-0.4512,-0.0802,0.9725,1.1963,-3.6277,0.0933,1.7879,2.2689,0.8112,2.4598,8.8096,9.1952,6.8661,7.8509,10.5896,10.9769,10.3518,10.5001,10.3329,10.3978,9.9699,8.3633,9.0998,9.0313,7.8578,7.7939,1.7073,7.9588,7.1006,1.5197,5.8597,6.585,5.0667,5.928,5.4893,5.6152,3.9142,4.9842,5.8546,5.2084,4.4362,4.5365,4.7221,4.6868,6.0152,-7.0304,4.53,3.7618,3.3211,3.8538,-2.294,5.9437,7.9301,5.4972,5.2654,4.241,4.7711,5.2143,4.7882,2.2864,-0.9849,2.9059,2.9237,2.413,3.9268,4.1412,4.9494,3.9789,4.9138,4.1359,5.6787,4.1317,4.4262,4.1043,6.037,4.5519,4.937,4.7456,5.5865,4.9286,5.4834,5.1845,7.1448,4.846,5.5702,5.2668,7.1171,4.904,5.4044,5.2624,28.4514,27.5123,25.8368,21.8529,31.2189,35.491,42.3719,40.6753,35.8767,16.5928,32.764,29.7215,26.0339,4.1295,22.1088,20.0238,19.1735,16.4145,18.947,16.749,17.4016,14.6816,15.5129,14.3101,16.1036,11.738,15.5009,14.745,13.2259,8.3122,11.4632,12.0643,11.3381,8.7314,11.1496,11.1536,10.6913,0.3403,11.9692,11.0929,7.056,8.1565,9.0337,6.059,6.5651,8.3183,7.8513,-11.2259,5.0825,6.0116,6.2285,3.6405,4.706,4.766,5.2734,4.0203,4.7742,4.8577,4.9636,3.5262,3.9738,4.7436,4.4872,1.0327,3.8543,4.1966,4.1322,2.6007,3.6721,4.7774,4.4897,2.8015,3.8782,6.1602,4.4733,3.2559,3.76,2.6255,4.6559,3.5886,4.2114,7.2275,5.7354,6.2249,7.4142,8.9092,8.0682,5.5759,5.395,6.9673,8.9504,7.1466,6.3479,-0.9954,6.3663,4.0918,4.4342,5.3786,5.3521,2.1673,3.3446,5.9147,5.4451,4.6902,3.6268,6.5533,5.9155,4.7192,3.3254,4.506,5.3199,3.7147,3.9946,4.82,6.0322,5.7955,5.8554,7.3185,7.52,6.0628
return-on-tangible-equity,34.1583,43.4208,19.3958,15.5682,14.3436,24.8361,15.1247,10.413,10.921,16.935,13.1828,10.021,10.8939,15.1822,7.9927,7.0117,8.7537,14.4144,7.535,6.6195,8.6648,15.4112,10.081,9.137,11.2855,15.765,8.2373,6.7492,8.9522,10.5797,6.3773,5.8734,7.3464,10.7635,7.2866,8.3022,11.8892,15.2464,9.1753,10.8374,1.9864,1.3123,2.254,1.2627,0.714,1.9048,2.3641,-6.3881,-13.0475,3.89,5.1359,-17.0233,-15.9904,-16.0244,-12.5281,-6.933,-7.4001,-4.2517,0.8162,-11.6331,-29.0887,-29.9188,-17.4843,-25.7324,-18.6661,-11.8055,-7.7976,-6.4998,-5.4602,-2.4379,-6.8235,-4.846,6.6721,-72.1195,397.5031,-169.7387,-58.4069,-36.3717,-22.1265,-16.9042,14.6241,16.1353,9.0578,7.4005,8.243,8.5189,5.709,4.3623,6.5215,13.9646,13.5491,17.6604,16.4535,14.7769,11.0438,9.3473,12.996,11.8186,7.0086,6.0765,5.6445,6.6939,0.7699,3.5896,5.3941,5.2107,3.7636,4.2202,4.1774,3.537,3.0059,2.0246,4.4904,5.5746,3.435,1.8409,3.6502,5.9772,5.5363,4.8306,20.1578,19.4596,19.1419,16.4942,16.3947,19.18,18.9192,25.0923,19.6192,20.0147,20.7462,22.7618,21.1432,-18.5511,14.7246,18.9935,22.3791,26.9155,11.5788,13.6192,7.1681,9.1695,8.8232,-5.4794,8.1135,9.3472,7.1613,7.3585,8.1121,9.7192,8.1948,8.112,10.3036,11.6992,8.766,-0.9891,11.0551,15.8204,12.5207,13.4238,9.202,9.2133,9.3357,8.8899,5.0165,6.9082,5.1084,6.8477,10.5661,10.4376,11.7329,12.0374,9.0124,12.9257,2.2482,1.039,4.0558,4.8319,1.8043,6.7142,4.676,5.0078,0.8875,1.1158,-0.7721,2.8833,-6.2393,-1.5899,1.4072,3.3846,-0.6355,-0.1144,1.3905,1.7376,-5.4658,0.1404,2.4524,3.0334,1.0802,3.2616,-49.5497,-44.435,-28.463,-31.831,-37.6971,-42.8609,-39.0222,-40.8564,-38.2697,-35.6314,-32.5292,-24.4797,-26.5654,-25.5522,-20.9845,-19.8229,-4.1117,-21.6822,-20.5688,-4.4325,28.6409,30.7949,22.7164,31.2696,30.3624,32.7284,25.253,33.0257,37.1887,35.1838,31.0578,30.9813,33.1679,28.7078,36.6968,-60.4934,23.8552,24.5753,26.3426,34.2545,-3.4297,9.0819,12.4654,9.1153,8.5065,6.9782,8.0566,8.9805,7.8695,3.7522,-1.2989,3.8269,3.776,3.1366,5.0878,5.3844,6.2774,5.1082,6.1922,5.2715,7.0955,5.2059,5.651,5.2562,7.648,5.8713,6.4838,6.3237,7.3493,6.5824,7.325,7.008,9.5361,6.564,7.6181,7.3566,9.7841,6.8671,7.6721,7.0024,-46.3137,-793.3333,796.3158,151.5475,-1801.064,438.4134,-3572.881,734.0502,152.4979,59.0282,104.169,124.3265,98.8734,16.9151,62.0121,59.0567,34.198,29.1017,32.1041,30.0336,33.8033,26.4252,27.3593,25.344,24.1878,17.4586,23.1365,23.1132,19.0414,10.9279,14.8681,15.8742,15.0877,11.7135,14.9583,15.1811,14.6509,0.4764,16.7564,16.3749,-18.7252,-23.2685,-27.2538,-16.5685,-16.8875,-20.7139,-21.759,30.9717,-16.294,-17.4441,-19.2969,-11.671,-16.5386,-16.93,-20.4474,-16.7989,-19.2369,-18.4258,-28.9352,-18.4322,-24.7171,-45.748,-43.5745,-9.7235,-23.1221,-22.9923,-18.4236,-12.2915,-14.4703,-18.5747,-16.1881,-10.487,-13.7432,-19.8723,-13.8852,-9.8717,-11.954,-8.0648,-13.4466,-10.802,7.565,13.0037,11.3368,11.4043,14.2778,17.0912,15.5601,10.6839,10.5459,13.5945,18.2957,14.8997,13.3098,-2.1546,13.485,6.1503,6.8,8.355,8.5039,3.9638,6.1828,7.8852,7.3938,6.3773,4.9866,9.0266,8.0631,6.3648,4.5457,6.163,7.4587,5.2335,5.7394,6.9998,8.8915,8.4735,8.7454,11.0563,11.3578,8.9836
roa,7.0086,8.1216,3.9128,3.546,3.5109,6.5281,4.0429,3.1169,3.3804,5.3422,3.8622,3.2987,3.7611,4.9325,2.8546,2.5254,3.2968,5.4028,2.8021,2.551,3.4447,6.2605,3.8313,3.9088,5.195,6.8822,3.6521,3.4819,4.9629,5.805,3.629,3.4525,4.9024,6.6695,4.6705,5.417,7.7001,9.4202,5.6913,6.8454,0.8759,0.5676,0.8076,0.3383,0.1826,0.3847,0.4574,-1.2205,-2.3104,0.7072,0.868,-2.6611,-2.8771,-2.6914,-2.3879,-1.5414,-1.5853,-0.9684,0.1737,-2.4702,-3.0709,-3.9712,-3.0455,-2.8482,-2.5193,-1.846,-1.3739,-1.2247,-1.1066,-0.6729,-1.7771,-1.6157,0.9834,-8.0716,-13.6934,-13.5934,-11.8083,-11.4219,-9.2935,-9.1159,5.0606,4.9701,2.4702,3.9434,5.4923,5.6863,3.736,2.8101,4.2582,9.0064,8.5468,10.8552,9.9546,8.5249,6.2008,5.3879,6.6558,5.6388,3.4982,2.9263,2.8223,3.429,0.3725,1.8379,2.6802,2.5124,1.8461,1.9957,2.0263,2.0789,1.7317,1.2404,2.7131,3.4416,2.0205,1.0588,2.0894,3.5031,3.116,2.8547,5.0042,5.0842,4.6156,3.7178,3.7667,4.1193,3.8279,4.6019,3.3459,3.2527,3.4252,3.4279,3.0241,-2.4617,2.6399,3.2236,2.438,2.7902,2.6665,3.5474,2.0652,2.7863,2.8352,-1.8312,2.8214,3.3532,2.676,2.6754,3.6254,4.2711,3.6839,3.4859,4.5151,4.9556,3.6644,-0.4057,4.3284,5.9015,5.3419,5.4037,2.5093,2.2485,2.2436,2.0297,1.1458,1.4508,1.0718,1.3718,1.9994,1.8611,2.0063,1.8896,1.2892,1.4134,0.2221,0.2244,0.8942,0.8981,0.3554,1.3169,0.8392,0.7444,0.1405,0.1754,-0.1138,0.3926,-1.0812,-0.3325,0.297,0.5976,-0.1287,-0.0236,0.289,0.301,-1.2,0.0333,0.6392,0.6963,0.3306,1.0646,3.7733,3.8868,2.6409,3.0468,4.2351,4.3754,4.1682,4.4143,4.2611,4.1546,4.1098,3.4162,3.7731,3.7555,3.1481,3.2172,0.6801,3.2665,3.0155,0.6451,3.1421,3.5306,3.8408,4.3039,3.9912,4.0351,2.782,3.6098,4.2884,3.8816,3.3152,3.4717,3.6225,3.6058,4.1537,-4.7469,3.5065,2.8713,2.5259,2.9146,-0.7953,2.0732,2.7125,1.7493,1.8157,1.3847,1.5669,1.6654,1.7388,0.8019,-0.3528,1.1106,1.1554,0.9092,1.5399,1.5782,2.0048,1.5479,1.9653,1.6185,2.379,1.6642,1.8301,1.6354,2.5495,1.8424,2.0068,1.8324,2.2193,1.8439,2.0924,1.9447,2.8754,1.8507,2.1266,1.9756,2.7879,1.7931,2.0307,1.9213,5.2529,5.315,4.7889,4.42,5.524,7.1829,8.1136,8.2811,7.9167,3.6163,8.1362,6.9823,6.5028,1.0643,6.8375,5.9328,5.8212,4.996,6.8348,6.0373,6.0296,5.4769,6.6762,6.0306,6.9705,5.2254,6.9241,6.4765,5.8776,4.3744,6.402,7.0543,6.4866,4.8548,6.3696,6.2278,6.127,0.187,7.4013,6.7368,2.7822,3.2361,3.593,2.3082,2.4941,3.3503,3.1712,-4.5502,2.2815,2.6001,2.7111,1.5975,2.0423,2.0222,2.3362,1.8288,2.1644,2.1883,2.2279,1.5794,1.8328,2.2494,2.1483,0.4942,1.8337,1.9624,1.9655,1.2415,1.7675,2.3068,2.1534,1.3593,1.8623,2.9134,2.0995,1.5471,1.8075,1.2449,2.1952,1.7318,2.2314,3.8258,2.9437,3.3467,3.8325,5.0577,4.4779,3.196,3.0697,4.0598,4.989,3.9739,3.4636,-0.5574,3.5534,2.2996,2.563,3.1431,3.0102,1.211,1.9399,3.561,3.1547,2.9903,2.2241,3.9837,3.6605,3.046,2.0994,2.8422,3.2578,2.3348,2.4614,2.9259,3.9924,3.9073,3.8125,4.7245,4.9156,4.4697
roi,13.2887,17.3741,7.7272,6.7655,6.7154,12.1768,7.5076,5.5372,5.8966,9.4674,7.0315,5.4315,6.0559,8.2193,4.633,3.9215,5.045,8.6872,4.4257,3.9881,5.2624,10.1179,6.4418,6.1683,8.0253,11.5663,6.0249,5.1664,7.4544,8.914,5.3463,4.9176,7.0463,10.2697,6.9563,7.8965,11.3388,14.5069,8.6445,10.5389,1.4096,0.9057,1.3419,0.609,0.3275,0.6911,0.8244,-2.1848,-4.3787,1.3873,1.6962,-5.2153,-5.5733,-5.2633,-4.3698,-3.0088,-3.064,-1.9223,0.426,-5.6628,-8.071,-10.1646,-6.8774,-6.6615,-5.5457,-3.8596,-2.6495,-2.2111,-1.9805,-1.2846,-5.8989,-2.5055,1.9809,-16.7735,-28.2224,-22.804,-18.0498,-16.4555,-12.5203,-12.1955,6.3744,6.2732,2.9798,4.5717,6.6995,6.8085,4.4787,3.3698,4.9956,10.7311,10.2115,12.8208,11.8338,10.0492,7.3223,6.2385,8.4234,7.3661,5.7237,4.8553,4.5554,4.1823,0.4646,2.2483,3.3184,3.091,2.2492,2.4698,2.5201,2.7373,2.3019,1.6082,3.5895,4.4087,2.6609,1.4028,2.7843,4.462,4.0834,3.8959,8.3772,8.3416,7.6992,6.2974,6.0621,6.7153,6.1887,7.8033,5.4562,5.2046,5.6673,5.726,4.8612,-4.154,3.9638,4.9266,3.7588,4.8917,4.3417,6.0975,3.2463,4.2721,4.6569,-2.9613,4.2326,5.3233,4.1789,4.1764,5.2357,6.1999,5.5626,5.4236,6.8312,7.5447,5.6856,-0.6383,6.3377,8.7097,8.0457,8.5125,5.9968,5.7674,5.4717,4.9066,2.8577,3.8234,2.702,3.4363,4.9643,4.5149,4.5182,4.2493,2.9036,3.5385,0.5186,0.6376,2.4655,2.7762,0.9697,3.4626,2.2329,2.2303,0.3821,0.4596,-0.298,1.126,-3.2527,-0.9183,0.8015,1.8551,-0.338,-0.0594,0.7148,0.8691,-2.6787,0.0696,1.3197,2.1967,0.6252,1.9301,5.1577,5.3223,3.7307,4.4435,6.3616,6.6833,5.8837,5.9993,5.8481,5.8686,5.6185,4.6631,5.1353,5.0418,4.3339,4.4677,0.9572,4.5133,3.9575,0.8459,3.7927,4.2798,5.0667,5.928,5.4893,5.6152,3.9142,4.9842,5.8546,5.2084,4.4362,4.5365,4.7221,4.6868,6.0152,-7.0304,4.53,3.7618,3.3211,3.8506,-1.5146,3.9075,5.0769,3.3506,3.314,2.6091,2.9334,3.0964,2.9368,1.4046,-0.5798,1.9855,2.0086,1.5892,2.5972,2.714,3.2525,2.6121,3.1907,2.6545,3.7198,2.6918,2.9088,2.6701,4.0083,2.9812,3.1866,2.9352,3.6093,3.1447,3.4963,3.266,4.742,3.1626,3.5002,3.2469,4.3895,2.936,3.2457,3.0663,9.3047,9.6429,8.2094,7.4753,9.4639,14.5389,16.5854,15.9489,16.9442,7.9897,16.2948,14.0882,12.2295,2.0786,12.0563,10.5052,9.9595,8.588,12.3655,10.7139,10.8435,9.5391,12.5369,11.6127,13.0285,9.6297,12.6212,11.9237,10.778,8.3122,11.4632,12.0643,11.3381,8.7314,11.1496,11.1536,10.6913,0.3403,11.9692,11.0929,4.7799,5.4705,5.9401,3.9565,4.27,5.768,5.3868,-7.7044,3.6094,4.234,4.3816,2.5629,3.2824,3.33,3.7961,2.9831,3.5908,3.6479,3.6925,2.6102,2.9587,3.6359,3.4562,0.7865,2.9736,3.2242,3.1643,1.9947,2.7851,3.5972,3.4813,2.1555,2.9087,4.4826,3.2233,2.4038,2.7885,1.9865,3.4077,2.6612,2.9732,5.0959,3.8657,4.3225,5.0182,6.7161,6.1154,4.1775,3.9981,5.2127,6.6434,5.2873,4.6916,-0.7304,4.5878,2.9104,3.3866,4.1001,3.8757,1.557,2.4666,4.4538,4.0295,3.8762,2.9715,5.3898,4.8653,3.8604,2.7103,3.6754,4.2997,2.9855,3.1786,3.8359,5.2724,5.0598,5.0847,6.3402,6.5197,5.8135
book-value-per-share,4.1458,3.9365,3.8487,4.2182,4.5343,5.1044,5.0913,5.3215,5.7442,6.2313,5.6334,5.9339,6.4167,6.8973,6.5373,6.4038,6.439,6.2978,6.0085,5.866,5.9532,5.7835,5.3486,5.5069,5.597,5.2918,4.7538,5.0483,4.9807,5.1897,4.907,4.8495,5.1473,4.8437,4.495,4.2581,3.9152,3.4501,2.9445,2.6718,24.7809,24.0365,17.8186,11.5312,10.8541,8.2508,7.6467,7.3362,6.2961,6.6555,6.1806,5.545,6.2616,6.2022,6.874,7.4489,7.0622,6.8557,3.5782,3.4055,1.4498,1.6492,2.0086,1.1266,1.3074,1.4508,1.5285,1.5288,1.4706,1.0839,0.9206,1.0367,0.2928,0.2184,-0.0527,0.1181,0.2926,0.4287,0.5646,0.6702,27.2468,24.7722,22.5511,21.2992,19.9412,18.3235,16.9721,15.9343,15.4158,15.5328,14.4655,12.7133,12.3284,10.4819,9.955,10.3059,9.8496,9.8776,8.3738,7.8577,8.2913,8.2993,7.7644,8.4684,8.1064,7.7356,7.9437,7.4682,7.8458,7.5996,7.2108,8.3489,7.8276,7.5584,7.1894,6.9286,6.7719,6.5069,6.1112,5.7436,17.8531,17.259,16.3131,15.6259,15.0858,14.4671,13.8932,13.3887,12.3746,11.9912,11.1936,10.7748,10.3042,10.17,11.6123,11.3792,9.0287,8.9016,9.0406,9.2209,9.5052,9.6883,9.6976,9.9767,11.1096,11.1802,10.9231,10.8974,10.584,10.253,9.7821,9.4793,9.1853,8.6668,8.1734,7.9183,8.1737,7.6498,7.062,6.8151,205.0,185.6938,164.8904,147.1617,130.8056,124.6185,114.1576,107.4109,98.3943,88.6945,80.0102,71.8583,64.8722,57.25,51.1577,48.3625,45.3431,40.4298,37.4358,34.8903,31.2627,28.4161,26.5032,25.1453,23.3326,23.0989,22.324,22.9481,22.4522,21.2331,19.8406,19.1094,18.5319,18.0441,16.6733,16.604,16.1578,17.0484,17.0681,17.1035,19.3313,19.3028,18.6746,18.2831,17.745,17.9491,17.5704,17.6209,17.1547,16.9543,16.7931,16.3725,16.66,16.1984,15.7804,15.2842,14.6168,15.0005,15.4299,15.2471,13.4306,13.4594,13.4727,12.9242,12.668,9.1914,12.2107,8.9054,8.8505,8.703,8.6122,8.5778,8.4789,8.5784,8.5173,8.0735,8.7595,8.3951,8.1395,7.9816,31.0284,30.9092,28.651,26.1688,28.7966,27.5826,27.092,26.174,27.6699,27.2902,25.1489,26.5415,27.3787,26.5856,26.4103,25.1783,26.4223,26.1367,25.5881,24.8826,26.4424,25.7414,25.544,24.7877,26.6224,26.0468,25.6656,24.2102,25.159,24.2202,23.4801,23.073,24.6645,23.4071,22.1533,21.7776,22.1653,20.7713,21.0422,19.5436,6.4768,6.5206,5.8736,6.4721,5.4014,5.8759,4.9257,4.9557,5.0684,5.2551,5.6,5.0808,5.4685,5.2154,6.1019,5.5089,5.2495,5.2581,5.7225,5.35,5.0009,5.4319,5.6016,5.6754,5.5418,5.9236,5.6717,5.4466,5.6002,6.2762,6.3701,5.8129,5.5419,5.6222,5.5608,5.0249,5.043,4.6325,4.7129,4.3113,19.1644,19.7117,19.5903,18.9047,18.5572,18.5904,18.8402,18.9959,22.1499,21.7634,21.074,21.1701,21.8508,21.706,21.8431,21.8455,21.3245,21.0266,22.0295,21.7328,22.4842,23.0322,23.1364,23.2271,23.3616,24.0,24.7322,25.8138,25.8836,25.8678,25.3168,25.0552,24.7931,24.6451,23.7539,23.3024,24.0535,23.5623,23.8556,24.5873,19.764,19.9503,18.1928,19.2829,18.0335,18.0662,17.0671,16.9181,16.4532,16.5109,15.6624,15.1913,15.0569,14.7256,15.1573,14.6042,14.195,14.0013,13.3182,12.9795,12.9716,12.928,12.0713,12.1387,11.5825,11.766,11.5448,11.9739,11.673,11.7286,11.1506,10.8091,10.3464,10.3566,9.8894,9.7305,9.3408,9.1822,9.0107,9.2191
day -1,0.01595427645128206,-0.027639069458120013,-0.01172644853142508,0.08832440399596385,-0.01287739809491457,0.0372070411785658,0.010081430857737907,0.03603571522093451,0.03303447223329457,0.043825479540029515,-0.02537287217326146,0.045356111952645155,0.05164472759651094,-0.0070234594047467605,0.04345953284603927,0.06604638938564836,-0.013304853019095475,0.04739380956831301,-0.03134674530044548,0.07413007524731866,-0.07917698363980745,-0.03970516304176991,0.013171100465608732,-0.08528166149960685,0.016119171370814932,0.0453022403367119,-0.003142428267701417,0.007785393029521349,0.07138922274156038,-0.0780691455183284,-0.03155919814286272,0.029900575147591386,-0.026207374202503107,-0.1008481400591911,0.005598868642214227,-0.05572407384104737,0.09007570568794367,0.06674140480069168,-0.00810626333516177,0.04682303585769264,-0.03047535900255271,0.028777182339310144,-0.024501187077605513,0.04696333573417703,0.07907554308454356,-0.04742588706923516,-0.023320471930759586,0.0007488909718867827,-0.04412355058413907,-0.0070380228043333964,0.016070736767873465,-0.006779398988392495,0.049967354301438505,0.0360024688374274,-0.0021012873674766805,0.004824292943118991,0.038613810484169966,0.040096012221840414,-0.04118192236397721,0.018916921865434918,-0.03860905974751601,-0.01954718823312416,0.01564784719874041,-0.024173819423388344,0.0012703812536761564,-0.004597252912182619,0.032309618729087414,0.0041493873359963055,-0.011827955116693885,0.11712580723192012,-0.05495378515235615,-0.012714149900166463,-0.006725349887941117,0.019267394783364637,0.012660385246701425,-0.04195399459749933,0.0844503331842633,-0.024247200613974194,0.033901519288622534,0.0628732012184242,-0.021081491430400848,-0.006458721567518655,-0.012405983652437806,0.006706365357292849,0.03673124528728099,0.002779845415315424,-0.011011209127448098,-0.0027572547632266956,0.007826284678451464,-0.04638156094819581,-0.001411737377952834,-0.020620979198745833,0.0040650462481695935,0.017303073292800054,0.004414141580509616,0.013911585349779943,-0.009684165208611102,-0.008431591534943725,0.009403211284191429,0.02402254871202652,0.033295305418914026,-0.0022992191283669333,-0.007348210355116936,-0.007100693781440951,-0.014892967063088725,0.019593759328886136,0.004153688563724368,-0.00815884996062638,0.009852312900213723,-0.012722805964026475,-0.0006727365901760751,0.008716056593844945,-0.0007882755830037765,0.0,-0.012320439886456494,-0.022232245824482206,-0.015577727671680863,0.07582577778682502,-0.03233538708759864,0.028987483446120104,-0.00030585235058837095,0.011887881413547022,-0.010624440633399356,-0.00743497848751809,-0.013589241165189893,0.02448706644020462,-0.015153426026272947,-0.02401587898312491,0.013526177213999176,-0.0024820490721916277,0.005921073993694941,0.02251503620004663,0.002675944779389856,0.0048115242881356475,0.007859022855979907,-0.007552324487478782,0.0010276693717961125,0.0026548306212786934,0.0005218540429531843,-0.010833968095110849,-0.00874306002589582,-0.0028881836332443948,-0.008171850653410806,0.022021255495671424,0.005142630010246743,-0.007630401753182372,-0.008480324703971077,-0.015780741908074342,-0.006271185471013887,-0.00469933615426141,-0.01554963979994191,0.00980249345751947,0.0034602241960690846,0.018215439385037068,0.011874622593844192,-0.00034206359147540173,-0.004806980134167674,-0.005312554387942567,-0.004027119050476775,-0.021389187522358966,0.005695432870317663,0.013228684774297112,-0.013687863500775733,0.07353903604886271,-0.03491896561452835,0.09905595467435636,-0.04240909309546194,-0.0299286857324632,0.006240269860084673,-0.03240040000032569,-0.03206425790147624,0.019946583085795264,0.09561560953174511,0.02216770579265145,0.07637867554055629,-0.05517112922776125,0.03697247233438254,0.002698439436070635,-0.06106380952894115,0.025177069815637144,0.07878977490926645,-0.0616792498918194,0.09322386401002508,0.1634977612597165,0.11781437922967726,0.12793704958554347,-0.09709863397869851,-0.1262008447530337,-0.04155915481604658,-0.057518443554963626,0.08423675006764653,0.0018377343880156085,-0.005761779775949793,0.027403859768356967,-0.010097544203089705,0.023583350136085812,0.14970532722206,-0.1098954245343481,-0.15814734007624864,0.042794065686818566,0.018362517085350395,-0.01095980321168005,-0.01189574507208516,-0.004003900370100537,-0.00863563240132782,-0.012380214217828842,-0.0022321097621139656,-0.007972038834886636,0.004599363177760911,-0.01264393848590723,0.01124366083883205,0.010327122643180293,0.010334800963361814,0.007725767523173289,-0.0005418854714632308,0.01494311130322257,0.028759264988277012,-0.009209979449721314,-0.04730983042761441,0.002372711824376317,0.008807286882922531,-0.007810432759456047,-0.00012410368590154365,0.0036075314264879454,0.004774698606052515,-0.01999826685231115,0.030280629865096265,0.008541653603467111,-0.002380386711873274,0.02989991783846008,0.012070565001626172,-0.004940630614178224,-0.009535746826216739,0.010099859380080742,0.0001428774529658262,0.015562037538708365,-0.015179013454455773,0.0028806186787136393,-0.02343399506973484,-0.02632791028604481,-0.007883991586139779,-0.010471339603724423,0.06875679346482495,0.0025051949799738825,-0.04066800041350975,0.006062676095627476,-0.01913314530058892,0.007057110051972223,-0.005620032814652894,0.003909118097956099,0.008949077663883602,0.0055242014140948125,0.0011369924278158137,-0.004905433802211984,-0.0027950878731081686,0.014643074620767579,0.008872633996314593,-0.0094921471735577,0.0008399490671264345,0.0009924108700751094,0.0026377550573686267,-0.008833086994468291,0.02468135284971693,-0.003902325087813332,-0.0013360129706282554,0.006246416038873803,0.00471566213450751,0.005307060893626649,0.024949633766940656,-0.00012547370287201224,0.001923862021268538,0.014639241390049518,0.010599158958864183,-0.008914941081017086,0.0016234140924930543,0.00045859175116966515,0.007361946513884364,0.0006852992603187995,0.003766497136443919,-0.01974724288684134,0.0020454821258323267,-0.012142931288515693,-0.05547754667739339,-0.0016433857437300147,0.02933623227826253,0.015378698598725118,0.01575749197155127,-0.01344115402300505,0.0169090176217258,0.005611949270436964,-0.03955420622625995,0.0007140016900419609,0.043522069523283635,0.012058708981222391,-0.0044381098338936425,0.015883060266712334,0.011008353694215035,0.00912404702068058,0.01786448355458291,0.015594664205542026,0.007172943722458151,0.04238286068106034,0.011580552288244991,-0.007072369845501324,0.01637381129732848,0.027705818040980216,0.027955696798292958,0.003019013289802284,0.04368219909393314,0.01446820498467291,-0.005396135752367677,0.04058918341807214,-0.0018914334213625279,-0.009832319682439583,0.023780246053039234,-0.0436691675199914,-0.020298974922667044,-0.011855384541761882,0.06970532733271599,0.030207321621267304,-0.015454028314273142,-0.023637518670000423,0.007859936923683634,-0.005554662439938462,-0.008035429714095245,-0.016199522267948654,0.05452433056305854,-0.02124215707983505,-0.020177662990574247,0.030071791450181958,0.05014037497376989,0.0025515682768470632,-0.04144260530441537,-0.011732260488812638,-0.021828622724912525,-0.00022060291657190214,0.0030094950274590277,0.02635416259868402,0.03607557276395514,0.002915964021261371,0.007142030575234627,0.010309409189403618,0.03851228128144946,-0.00554098782547073,-0.021866797637352827,-0.03219706012951751,0.009919735745194117,-0.012044518775280835,-0.010107317451022719,0.007846189872695836,-0.002727420383079339,0.00856165858461978,-0.0244808902704691,0.015025202870524257,0.03471756496028579,0.0013644202386097737,-0.023380462924127057,-0.012209423591841094,0.007215832419302653,-0.009129438948348497,-0.06842924741730327,-0.00322338802110471,-0.0940872947203103,-0.16100286329935862,-0.059912580372556604,0.05734397994920956,0.03952336954946141,0.003422062472535595,-0.1002278675195575,0.007679231469035714,0.04600832073863841,-0.07295007919829634,0.059070102136039734,-0.0013086451767669184,0.0004890087615836569,0.0023027648887480575,0.0024439972894315714,0.003862056928596163,0.0014328484794912018,0.0014369663904129368,-0.013374847501706462,0.026242632764624036,0.0017422005672835061,-0.016254809791063037,-0.010234172369329664,0.007914461936010343,0.015823551419248464,-0.006712400324162441,-0.00598579602998512,0.00612120327249098,0.0028991402992804612,0.009976206755222011,0.00556155735626882,-0.004258352856171682,-0.011423473431154692,0.002713694032736689,-0.03265314536478599,-0.018650298505946083,0.010453784951935543,-0.03686160461254939
day 0,-0.03497096297238416,-0.026803873468351537,-0.01771402056977484,0.0503694578249169,0.010149242030969763,-0.012124378467619263,0.009259649068886405,-0.011712368128924146,-0.00019064397658771925,0.0173674550208269,-0.011717946476576523,0.007255276497550889,0.0037025997364808234,-0.042454814650039606,-0.009411998375737148,-0.014099406675644036,0.0063675401385316684,0.007450758515652477,0.009403655237189081,-0.013906499559157194,0.016631761971998876,-0.023706530603516456,0.015023808143655008,0.03392886927607153,-0.03250231592674136,-0.011199070461395738,0.005231907789332446,0.01683509317179197,-0.006497596583294062,-0.009499315758590265,0.010319687183447744,0.004024486487467422,0.04396993131832662,-0.018230363054243498,-0.0039024705061923683,0.009183641932913596,-0.0022278355496412722,-0.013469363966500527,0.014333264424788108,-0.02342173393076523,0.004441575097998644,-0.01687200544088409,0.029042380818116786,-0.001996591631441828,-0.12460588439192422,0.05937419248341217,-0.022086596307064298,0.025262817649854056,0.025947176042037643,-0.008577804236070857,-0.009470470445998008,-0.0047005037296636906,0.011031364553632511,0.016169560303707527,0.024733329409369786,0.02939090881233839,0.005705855446255327,-0.01774237721068565,-0.005540156400639809,-0.008733713431011871,0.00019278399816526165,0.033583131092077924,0.0005202536616454983,-0.022544672843132614,0.01603728638542627,0.01411563541913188,-0.012798868665089556,0.017053986571355206,0.02205016498340317,0.010272687123905248,0.03258185101875868,-0.019680583202646557,0.1508429653012244,0.00870832588283093,0.00032258214868671737,0.002232990090765486,-0.014665664268086971,0.006860579139134363,-0.0024271544057189467,0.03907046162139203,0.008868078246158331,-0.018929974577873817,-0.026493495961299806,-0.025313524396876036,-0.02781554681641681,0.0036786907765952877,0.054949692245903355,-0.005411204348970118,-0.007572906033357982,-0.1872383626246351,-0.034810412104963454,-0.018554938065627934,-0.018796222186454548,0.0060551505871252395,0.03594666098644561,0.008978965399624549,-0.01475329380446177,0.004491486102211653,0.001426649226248604,-0.0055096558109695845,0.006949704569419464,0.023721650134023862,-0.013980118618064684,0.0,-0.0044228459089698385,-0.011508735243693401,-0.0051947376101326,-0.006025693516382118,-0.04455086064222684,-0.010943146086520856,0.0006727365901759804,-0.051363567597905696,0.004720659101839609,-0.000863204960712723,0.006179161340372787,0.04078868762523287,0.009510964719280706,0.008751325745682553,-0.02776849798094488,0.05055225713145442,-0.021250269501915556,0.026136929796805174,-0.01870015004287295,0.016773920409829113,0.03839438094018585,0.036331508962310674,0.01817109010691193,0.007924694149405437,0.03338200654061985,-0.00786876406324723,-0.017305982267198466,0.0029640600269979682,0.04238139244326715,0.011032263272910294,0.06323566044346342,-0.004974455424153236,0.011090177979934192,0.019612961662784867,0.047215405704440196,0.004632082492455137,-0.07226240881484751,0.05386420491205644,0.09563529153999935,-0.006576906528667194,0.0625839534616583,-0.09011093551636123,0.04834189722913697,-0.003926601265041253,0.013745042566819254,0.036990907452763545,0.05912773251278853,0.0059607588791576556,0.0228796068002896,-0.00434157113735511,-0.020443655543032437,0.008516488330789527,0.03224054065034337,0.023167054111110575,-0.004043402335144723,0.008392661430661823,-0.011523950767590902,-0.028132090276872062,-0.030876370053573826,-0.019765571891205327,-0.03502078575500757,-0.020123422219495535,0.029320571244545887,-0.006198366952339019,0.010314686601831762,-0.009736796152992614,0.006290850902033492,-0.026312667697848274,-0.032031247310408656,-0.051935114586390926,0.03425084089789523,0.006803893080540664,-0.022413485481422215,0.009423531512111158,-0.0012411416408626545,-0.0067284742347604115,-0.003128035991014687,0.010729401216068185,-0.025214872360619096,-0.09266250267159373,0.01100975131702858,0.010712742268527958,0.004560675495411965,0.021667163078980603,-0.03950533863550829,-0.034981803811064936,0.0036742436490359324,0.03773668300483723,-0.057439558798267946,-0.04318045465312485,0.03321307171561695,0.050849244646683826,-0.003921770190736825,0.03304774505606547,0.0027944230450124446,-0.005003786109469249,0.0003825803727291037,-0.013640316784315092,-0.0005309294117868864,-0.013567579614402504,0.034885934592358385,-0.007722445876658513,0.005737691048222219,0.008080828658573225,0.01201982110612095,0.007413481981591651,0.0003560329836922918,-0.020833329161233774,0.0023698203839223834,-0.008210596288983244,-0.006707834208881158,0.004931798693541369,-0.006705574805153514,0.04289433515682937,0.007132848269372658,-0.014954658853117548,-0.0030546732941465517,-0.013958603438104148,0.0,0.06150417004327343,-0.02960939964893274,0.05068710504258829,-0.0005488665594956441,-0.04247589604019176,-0.04783734396019343,-0.04354809120925164,0.004057238368213634,0.006355265673044197,0.017864473770753564,-0.0015085200564398074,0.028027999513730376,0.015013228663158107,0.003283818084059387,0.04791933419355972,-0.02053271138000788,0.013423062994179875,0.006663334889912607,-0.011380308263366475,-0.030544432564726755,-0.008917760386013709,-0.04562782172129659,-0.006400578744276182,-0.008176112620023707,0.01180874295964119,0.0,0.006345278919368518,-0.007591111382357774,0.02308474199083035,-0.020086758566737344,0.0012286552599682142,-0.003696402435272079,-0.0025094690173372795,0.010599849987196996,0.0046865359762365486,0.0015381477029700393,0.013371963239968537,0.006127800956764619,0.0013639902690634374,-0.042624659232984134,-0.010027155441669468,-0.0190177549596369,-0.005202677591169179,0.00794017363409546,-0.005047566437069892,0.004207760291568795,0.0066270800765636925,-0.0019238620212686177,-0.001310081108636322,-0.008308849133997027,0.006554673892353183,0.009685219504714414,0.007157591117117052,-0.0032652591989888735,-0.003946801240755241,-0.018018519843645425,0.01326996521876637,-0.022316166583106752,0.005463691262870567,-0.028544996553041494,0.01954459607297013,-7.189890490983091e-05,0.012252034467900864,-0.010720048133073477,-0.0024013305151499953,0.015059861422667102,-0.0012747499430618195,0.0034730261473725284,0.007301419494909387,-0.008629993321073648,0.026741253623590974,-0.004524646287477821,-0.023299591766428863,0.002881326890785227,0.006857169726137045,0.02212373994066727,0.011200197644508263,-0.01139818866830821,0.02945894561424834,0.00887122106673014,0.023451638555354485,-0.00970343115588048,0.0011378980848386633,0.060181572582858306,-0.032772437687838295,-0.018295265949786903,0.024252959153192647,-0.00837701420619827,-0.00925017662629564,-0.005154610704343565,0.0003099168998237267,0.017391737034767492,0.003953580267046755,0.014027295616819294,0.0015719755444747437,-0.015913225239625236,0.06695580417409812,0.022367398220349066,-0.014287080431736121,-0.021659958555578486,0.0003009956017765472,-0.016350957390034632,0.007374176997415723,-0.01634250895591201,0.0008794941063844902,-0.006656103629799644,0.0011673011315285412,0.021797036435296128,-0.003768835340204764,-0.01806913205708461,-0.008497391781448978,-0.012223353496702408,0.00801897369137098,-0.025588913966577496,0.002299080828237918,-0.006651334115151042,0.004647946079616986,-0.0252234129341764,0.006771875152773601,0.003121722884189325,0.004751238003562452,-0.004678049348173055,-0.005410722142451689,-0.0016464709312587168,0.014633200823271473,-0.0057149997128903215,-0.001135195524043843,-0.0054774496635416805,-0.0023166802145819106,-0.023162141854060923,0.027221962891918538,-0.00014341008532210483,0.008748083064740939,-0.02362554149364253,-0.007961923791236614,-0.008294992209733036,-0.02106405244084695,-0.0010147366699000148,-0.042877303147113986,-0.01039510433011048,-0.02171053955160825,0.06075022263634978,0.0022507553180730593,0.039618140395023586,-0.022261519506636542,-0.01086663081399557,0.032611534438417314,0.019763915021000958,-0.023447432952012272,-0.053345929806467844,-0.00788787207981912,0.0567780891771313,0.010013022854092548,-0.021105360205567105,0.0057652620600593995,-0.0005728056058597035,-0.00028718430126523873,-0.0013145225398032763,0.006280561682364289,-0.00786374956553659,0.015553531450869431,0.006834366532117367,0.004370044028062356,-0.005345913832611017,0.0023398084704576495,-0.018175416840417152,0.0036548325998597606,0.009057258857504366,0.005594986090396938,0.01187455768872891,-0.016252755049058435,0.028540970844447237,-0.003490410878141604,-0.01745368525316668,0.006006018469991941,-0.01424406741788315,0.0019743794703678923
day 1,0.0019709999152847445,-0.01543173153877137,0.005028150110108887,0.008581399316432705,0.020163920315731287,0.001215907768607418,0.030740059646002033,-0.03991658481030143,0.004991349522797503,0.005104079804006335,0.019858962758363026,0.031650525615496035,0.013385087219614657,-0.02720522105153152,0.008894644238456513,-0.00625957393289132,0.0016365949873197647,0.002575163938066422,-0.013260218974265825,0.013139021808624602,-0.03779158253589932,0.010605677841123321,0.019108603991346267,-0.006997462276377654,-0.011746690360217953,0.017723724175774985,0.011789808640418491,-0.0019598999723994892,0.014543163571013915,-0.002801855628245834,-0.0018684029067873877,-0.012328961290165452,-0.0034590451763974427,-0.031165388087290382,-0.020977363669819924,-0.008226726913538648,-0.0150903244288376,-0.009006472623118511,-0.011251593592733937,0.0035342338222965953,-0.046705851016054976,-0.013515923574811484,-0.017328812656189654,-0.00869863639429463,-0.07420988398160897,0.06679713202708196,0.0003194451101752032,0.04245219574367792,-0.013349854046566988,-0.024552645771601468,-0.004208483341367981,0.07086412743422942,-0.001297369064961697,0.007749289411124941,-0.019671088538861632,0.0005035178586809445,0.006411074281003457,0.004116250526267229,0.0,-0.005188879086792798,0.018376209656092275,0.05472992519130829,0.009877373069521434,-0.0042078909143052875,0.030757776448550232,-0.02050853452258866,0.01428417235115632,0.01012549441977456,-0.0005984103755550732,-0.04541786022032997,0.025833595824967494,0.00046833504115016916,0.1513067785493639,0.021058906090330187,-0.01330976561130648,0.023876269258936583,-0.01769962689442592,0.005040769645574107,0.016867867822270125,-0.01857874334026576,0.0018001805041478473,0.018094118730149218,0.0187582557847658,0.03687432354588768,-0.11852708994637873,-0.02809729361955482,0.029494758656585778,-0.03826216214968918,0.029338581224956913,-0.00941235477736358,-0.03935043635418255,0.029161131400806613,-0.0598343633476953,-0.006518914756996839,-0.005581122433516291,-0.006833787208155271,-0.036849389412378336,0.007441269060887296,-0.018707108526266655,0.009895644448741392,0.008992843839849479,0.006721132441413683,-0.032643164366950896,-0.005239292937660537,0.014084726874723943,0.03218894381080974,-0.007843257246770917,0.012015398966569788,0.017499818340926183,-0.014341854148094402,0.007370194754780829,0.022238626793582014,0.006259795509450559,-0.0078023936158516305,-0.02074757937176758,-0.03332285864561114,-0.026028874721064632,-0.04594569317449045,0.07364813317904471,0.003515022564983495,-0.00242397532979333,-0.010092775382550856,-0.01748716440604,0.034240748393267115,-0.023609848279874467,-0.010627930487928287,-0.00035879204291382915,-0.03530336989896061,-0.0027717958765819286,-0.00019273795497072992,-0.00810408306523605,0.004061246226273769,-0.013097662007363635,-0.012206292018784946,-0.007972979696785088,0.0029047544971018734,-0.003343318039762027,0.004577411830785608,-0.0056563145303228325,0.0060251850225410694,-0.0025074961510758885,0.0027370060885797474,0.004388055244536101,-0.004907713752271777,0.033806636455982114,-0.004901377031129041,-0.02420698998087122,-0.005569702560815735,-0.0037299937640719602,-0.015608547059155587,-0.007553552530114445,0.0028112484224922115,0.02269785016281547,0.01547072784457231,-0.011076599977044561,0.009117080198443012,0.00496432419512807,0.02501413805116475,-0.00332042932290613,-0.0003634464425636027,-0.03758417615209092,-0.0033087712545149025,-0.014213410996461959,-0.025249219042147674,0.03638922213792886,0.009543507564904331,0.015186772852174835,-0.020350759348274308,-0.009744618128516503,0.012454446842023542,-0.11062196726878122,-0.02260306554792904,-0.012258097284855175,-0.029784288123185124,0.012695203803077404,-0.02276840920577298,0.020113283327635362,0.006448470642211404,0.0227473468618261,0.005171704350156324,0.020041233158868466,-0.014197031974277682,0.010405557565434412,0.015511474342371934,-0.012126525552872483,0.028833319885809443,0.014110675874091167,-0.007025357261254823,-0.025182856087311852,-0.026505678456444547,-0.002670883977404406,-0.010827708225877185,-0.021933569700109082,-0.007815347535159561,-0.008883329411503396,-0.008049159627748185,0.024044379062488866,0.01754628977043478,0.011052009132068823,-0.00890779237809731,-0.005411540335767235,0.028841144641676513,-0.011801161282289715,-0.0034993280169023254,0.0035116386639912865,0.017648671132920735,-0.002558352047630494,-0.0073684591251709074,0.010786472236768534,0.03198175045587914,-0.07507774311150947,-0.021641181408060577,0.00094639397682103,-0.04142168177774475,0.00453721299100494,-0.0005020881047502939,-0.0017378484078296133,0.0038414788610969877,0.019232555266481207,-0.0066057692494012445,-0.0005099233309166464,0.05052630196482883,-0.017019469548555106,-0.03310245362324057,0.01264588809421295,-0.015831247034517607,0.0014107714931789134,0.0014934757851068796,-0.002503130218118477,0.0017566092930376826,0.0006910478921871796,0.01558473101669833,0.04012531922373455,-0.00998808406456072,0.010637617212203698,0.012187643760259463,-0.048618068945551374,-0.0112965101813039,0.014285091838196417,-0.023256862164267235,0.005405263784422303,-0.005136969098188846,-0.01843745585975639,-0.0018747477012240783,0.014780347062698046,0.006064718835505155,0.012929139082122725,0.014174021510940308,0.0038863301886076815,0.0023437455154049283,0.0032306583534211213,-0.005868561653864658,-0.007564790589461089,-0.007497630196420608,-0.004607721233082734,-0.002137939193891434,-0.004728196376432674,0.004523610869554098,0.019646428709612335,-0.005889768580097059,-0.010675006319787681,0.006115198551963789,0.001715409548940594,-0.0099912330574673,-0.0033501398461776924,-0.0037161778538819406,-0.007417559080229062,-0.0033792876045949404,0.008753053271655738,-0.006501606373691676,0.002061169133662753,-0.011338297177187479,0.0071069531583392645,-0.0037602477467625324,-0.010902558744969251,-0.0024309289219878187,-0.0062336334062409885,-0.004998733473077798,-0.014846517009062756,0.001484193536340842,0.0067940232825393,-0.012195283458805427,-0.011491442803060217,0.003220614700042157,-0.03557109391858023,0.006913564877348451,0.006315545556060521,-0.01715576169380931,-0.02921832042804018,0.012135118140884246,0.028767217538834225,-0.04216332365450682,0.0064256123490026035,0.0022969240748470406,-0.01086235116319458,-0.0074720669003248376,-0.005260449208397216,-0.004657774905163641,-0.003731361820296677,-0.008782035788295924,0.0032993089964378055,0.00936149621290413,-0.018731404922314496,0.02058552006544506,0.0012181011414775659,-0.0046737465440959995,0.007304116946352043,0.02077409152829029,-0.013432097891466932,-0.014377690284322663,0.01966859875050263,0.04044827499715242,0.028942784347452958,0.016690892261228225,-0.009118034714447405,0.006228042749749166,-0.03595889608694464,0.0018476547887342955,0.02635571811872857,-0.015273479269352335,-0.018444527299712573,0.0028280706628740636,-0.007042778327370439,0.006076747531975205,0.004092016801327825,-0.003760465434003945,0.014405166876759244,0.015440588254127731,-0.002131589051019889,0.0013777465382002446,-0.008336290001539006,0.004132787763830282,-0.00609640289577972,-0.004275884291080458,-0.014318364014784982,0.0013119957970839824,-0.0006853819629941197,0.001491651755363589,0.006879954372843257,0.005087832602728554,0.0001258526071797998,0.011017685628342946,0.0015572640629993105,0.0011843407996657755,-0.0016054001563910513,-0.009860279339195763,0.014489595548776152,0.0033183418576768994,0.011643818129259374,-0.007219329805340328,0.016711393135342097,-0.008458460550315558,-0.012306612370427399,-0.0024443289919149065,-0.003303352771051806,0.0013507013316698567,-0.003781940762357986,-0.00597393815412555,-0.004328322860768902,0.03448036230988524,-0.009179005489394506,-0.019703347253667416,-0.03986457663084371,-0.030845132881797546,0.0045109165326808745,-0.0033028286845928497,-0.00017742148570652657,0.003487030052136363,-0.022681949212127843,0.01145209607399071,-0.02108089005758278,0.012725749974986388,-0.017658846145332883,0.02626872244242756,0.02688702226228214,0.009631806518234873,0.0002770291212089103,-0.005214740223813564,-0.008633234966707983,-0.020607401732107667,-0.007923440971813975,0.0038188072510678918,-0.0029283268344423054,0.015315319419993065,0.008017376703387083,0.007241160936523843,0.004753420687384618,0.0011679100751579635,0.0072340133313908836,-0.0008110486205914977,0.005313769597317983,0.002999856634008764,0.004207005933839776,-0.02094063898491939,-0.016663251267581135,0.01961979576172047,-0.012656122100289446,-0.007513140391898522,0.03238135861200563,-0.0004932295340242622
day 2,-0.006458183435132453,0.014695201056110907,0.0400410563901413,0.0022424863563054826,0.018135887979661196,-0.053208991204128225,-0.0010886847113274175,-0.03737545063036234,-0.0317961474943359,0.002691612321412746,0.019281734696812405,0.004674375296959853,0.03814122617360632,0.05197442055932356,0.004303302875413666,0.006323210918787325,0.015349057712204146,0.006370494792190407,-0.0019339072181684491,0.0021093125199916182,-0.00021277551861298297,0.01756816371273882,-0.0015715691335198522,-0.01795469827809234,-0.01994256981568054,-0.002960445954474003,0.0029024650094477875,0.00996567789351148,0.03590484857119021,-0.014753922761035102,-0.005587915338797218,0.012555791884914238,0.025631936631996432,0.04612953676927251,0.011433575675461457,0.027293218242974312,-0.012087936031969516,0.003078461679890736,-0.0014402092940898677,0.005213978653455231,0.05281995466940267,-0.03768381235247384,-0.0157788945052046,0.017982482041307386,0.11925917493075845,0.09286589761941118,0.010231747182271983,-0.0014413612462154837,0.027542662757315834,0.011546413309846439,0.012514579334898319,-0.009637450401290448,0.023326866772217306,-0.010383548350536367,0.014773069738398406,0.009658687460160244,-0.02205540882358805,-0.011350730108623688,0.023995487117934696,0.006240964426738738,-0.017461405950658225,0.019418029486479305,-0.04167361954789627,-0.009107344613667091,-0.011331653793435916,-0.02948829211080638,0.029132454991034507,0.015113042872016261,0.027851925534508215,-0.05090336390011103,-0.026969044972787126,-0.04641168932345416,-0.14135518506795852,0.0007715111371484924,-0.010182350736688875,0.043330632910436845,-0.05340602917070285,-0.008912706321647005,0.030011077425260446,0.009901079972193302,-0.03467711693631197,-0.02124003210911025,0.054387380913368824,-0.059826319322351204,0.022361763494407598,0.034419667944371686,0.03848928884091119,0.010758010170676091,-0.025292556054288474,-0.18801171380131074,0.021640965786919635,0.0032688241725161173,0.028766799527745687,0.007946455513511629,-0.009614564390769178,-0.0148961656228614,-0.016468439702632242,-0.005842020117160434,-0.004367179812178648,0.008714602308600345,0.008616928256116556,0.009523857290406229,-0.08190047031109846,-0.00863316162375024,0.001746765343429994,-0.0009751564663772379,0.0057577030554431165,0.009724566259211614,0.0011184872691224884,0.007848362034292435,-0.0006677312616178064,0.006849302697760042,-0.005475156083425449,0.032537127039813284,0.019377750101404485,0.04049136010368841,0.01241397357068002,0.01739174271186924,-0.008255180412967631,-0.03988262054103623,-0.022645469213581258,0.0016115562346795036,-0.002797103249061738,0.012450506770768133,-0.007479537718943513,-0.010390089041113182,0.03567022087046284,0.003743920423912433,0.0015408088972500085,-0.008807180334699757,0.02263892882938732,0.00706785515674572,-0.032924813526813146,-0.0334450486087643,0.007854421810894137,0.005509676655043644,0.014885725892215968,-0.012715633780485965,0.015067755380042949,0.004407235105960931,0.009227277226254655,-0.013021787012570266,0.027414463591009925,0.02596999213613404,0.011577842133447922,-0.04327199120221519,0.0032762184241618914,0.007881360739771937,0.023634756213558483,-0.020551484298800132,0.0005614951661403903,-0.01160799946104561,0.01311499210879601,-0.006806421917807459,-0.03398553925508358,-0.009117080198443038,-0.003099887420588639,-0.002710944583723441,0.0007388422201324141,-0.01945374944360189,-0.00517692102732688,0.01183091298694457,0.04579889232454236,0.013630377567572424,-0.00452305918030942,0.020064568556593516,-0.008243250116669322,0.0036894029653534665,0.0015479388157221242,0.016541892034564583,0.0548736085933266,-0.0013947613043843907,0.01129711782071424,0.06231603869107437,-0.0032514258650254858,0.005666055327057379,-0.0006868934364363543,-0.003590668130728596,-0.01904122445930913,-0.008876556632480718,-0.02204642948685948,-0.029374608679904244,0.006061141199802718,-0.009522842501913733,-0.027184277164777403,-0.005315396839816465,0.0317583219002695,-0.0016474173727045428,0.005584175839841045,-0.010322253720116461,0.01014450266922803,-0.012458665565271193,0.018002746934364273,-0.02313391988661967,-0.0009396943511035565,-0.004091757062637046,-0.006911302467924577,0.018694142205640783,0.043860007045384924,0.01662637403632329,-0.010523008732459208,0.01099239206236546,0.02960153138095829,0.012633678968360831,0.011232025419419889,0.0097800290536397,0.004556025494729151,-0.004117152510502911,0.003388588364134241,0.01568580914646136,0.030606560865307175,0.004438473378284115,0.008008181696860324,-0.029929554134946346,0.009461688664267793,0.010989106080315066,0.0003260559801986393,-0.0012788539920243818,0.010280660619870725,0.0029271844598222733,-0.0007655676205829618,-0.007860208836393578,0.006917773829768309,0.0002692727464702578,-0.004248320899325427,0.0015593699508926787,0.008267773201475035,-9.329915976675682e-05,0.011908755269025581,-0.010913294068908267,0.004136288792265419,-0.0058936188163507585,0.013359668829979814,0.0011429802311822286,0.004661428425366114,-0.014907723892512973,0.006347031023430086,0.021766910302372742,-0.006508173055426331,-0.005544769990544078,0.020440975997072362,-0.007047636571912958,-0.01828871026967966,-0.024696674098125045,-0.025346589168578248,0.0041064198549590645,8.622902994764024e-05,-0.0007410321914974938,-0.0021458045414498293,-0.03427011191094463,0.011997207184103369,-0.0020031606677643104,0.02309571520162849,0.01015443234384945,0.02445791781017448,-0.004416113030236944,-0.0013948736539315292,-0.012632335557321007,-0.0031560331862221843,-0.003522370748232688,0.014304774370366452,0.008767556794474914,0.007296488383305809,0.00013757150841257171,0.0077994486524393305,-0.021402507406817088,0.0029997200090315637,-0.0033906462556902942,0.0025981383649517926,-0.007807655173872781,0.011057449037584955,0.0006627749193514884,0.002135661062937191,0.0032040614918232664,-0.0023033431800184084,-0.002131863051239416,0.004924488557907855,0.0044828029592567115,0.01101140656730153,-0.006136663027501767,-0.022032506101405485,-0.013511165163651265,0.015032158823453068,0.004811556997222117,-0.01198072036941473,0.0050744604549133356,0.009435033779001813,-0.007070506262804639,0.004232438974833433,-0.003426403307101357,0.00015081963519181024,-0.019554284593401982,0.013419484388780073,0.003035244220240774,0.0005392049033634779,0.005143030526701477,0.006106316931943356,0.0019205190360883368,-0.025749257102619084,-0.0021024350789793744,-0.0014421035359547833,-0.004034337439028146,0.005545720556458731,-0.009267377950473476,0.012427954987642785,0.0013702074454801053,0.0004771101647583236,-0.0010617364325172158,0.015317104454422047,-0.005965509891905555,-0.01503804645512064,-0.004760798546199349,0.00336549837823175,-0.0057306600932867996,0.0027782551349197857,-0.009922330263978617,-0.005392099518493205,0.006377450538089402,-0.007897636416630023,-0.043198545004839155,-0.0032556629664953506,-0.008200278309550307,0.0019063660754722607,0.004254268622054751,-0.01123039243078434,0.009414464809503283,0.008528473535085838,0.01801546629794023,0.008210608723157146,-0.011718451842461876,0.014657734138368525,-0.013924731545837917,-0.007228109224143962,-0.005767639857810851,-0.005393955915849933,0.003708194590308838,-0.0016009082268092845,0.00708325966023975,-0.007340317070030982,0.0025342857348085762,0.0023876204894654174,0.007278257920126028,0.003494879478986547,-0.001974614287064649,-0.002227176092109412,-0.008076388034712983,0.005437639753087914,0.0017163102186932696,0.004178499034653708,0.0016511705257054846,0.013049757832283711,0.006748021620685541,0.010889352410475615,0.0161837237310618,-0.005047944078749438,-0.0018013026261435511,0.005039375937504773,0.0,-0.0184496180898695,0.017774624874347476,-0.01791917173293321,-0.012194130036615037,-0.023991470182086236,0.00020212460626761018,-0.00921053233842687,0.016849683313150707,-0.0008873767140083656,-0.00387523771086295,0.0019588346246885747,0.015535477375296739,0.05885309630866532,-0.0037383283301834712,0.027692035310631025,-0.011421281210284547,0.016057464066499483,0.005342304955412759,0.007174377438938217,-0.0027555396768348976,-0.004344618357180725,0.005556453632083845,-0.009993395375556501,0.022950144513875923,-0.010909704040139658,0.005167956913673647,0.004596230249492278,-0.011611204964586225,0.0020725304727778767,0.001166547652246988,-0.0015186379264742413,-0.004472408422936323,-0.00040775652546676646,0.001710090523274319,-0.0037854999582408143,0.012228081137113704,-0.013257378880713174,-0.0011435368899324159,-0.014663005469361466,0.015341735576958646,-0.009852287185835048,-0.006434126062241622
day 3,-0.01528510497455179,0.00022099363142684728,0.03283502021919824,0.009350187735586796,0.009144013484424273,0.03554225734359631,-0.0010898712375984369,-0.008521522129803344,0.007752978366175487,0.032036106552606636,-0.021322939549127236,0.006326136793223272,-0.001026486210330381,-0.017317540462258918,0.002573103416679656,0.00975746528214119,0.03196043856621165,0.010859955103863402,-0.0016732198954181989,0.015585218410950423,0.002444553800414352,-0.010943910937630856,-8.280256692690558e-05,0.002353236149605099,0.02660565026926512,0.003804671192263852,0.009768910974305453,0.015318606669877144,-0.00185437851596156,0.01489323520916765,0.006656030652960814,0.02056742348035534,0.034250327199079396,-0.003276917496832582,-0.028161704621288756,0.020617863297967984,-0.02181535961557607,0.02192473539008812,-0.012527812210372231,0.024420827548971794,-0.03596144553586192,-0.013856567484260172,-0.00749213311244983,-0.04440377155748174,-0.016970377958706102,-0.012585622452915082,-0.004816856455702306,-0.047688325451323926,-0.00678413518393177,-0.019284492338736272,0.014916987239738697,-0.03210612085002793,0.0006502099583709727,-0.021675797035542822,-0.009868476167285315,0.0016607082334573046,-0.002484350084241603,0.016045762536081667,0.0010326015837954666,-0.009110726303323057,0.0017791775309215047,0.009569423636132925,-0.025882425889078253,0.020469908204031953,-0.0036419764820323167,0.01232149544930482,0.0035975636144575606,0.0018303278701864263,0.005436306871357073,0.08566172582848884,-0.013726226130037515,-0.045073053898291485,0.14643674747311855,0.0025673929907793006,0.032480901700215586,0.03852527353747447,-0.02272827734089393,0.026212658204035944,-0.02524347837343704,-0.05410930251889369,-0.047707903024204454,-0.0021851006599220534,-0.019832441227775912,-0.024976015092213918,-0.05291371188878971,-0.018943361957050115,-0.00017589949688528295,-0.004549874311070347,-0.012570768678542498,0.14268301959437535,0.01398624197473987,0.001409184343979035,0.019383692514979428,-0.013714672778458158,-0.012165113219307347,0.04098151486152968,0.007295917833340794,0.00138390666168094,0.009518506405168322,0.008639395690033858,0.005899744699361756,-0.023334910350745287,0.0644768679813001,0.0052846919787133155,0.014295236858120395,0.0019493629289476437,0.0,0.015471047974308066,0.02702120786368364,-0.011136706813363813,-0.008048325332227223,-0.014438205018835245,-0.01501407715541027,0.004203469057315206,-0.024281483082415904,-0.0015885990252140294,0.006149670981827481,0.021154007186513873,0.037712363367266986,-0.01789522242007664,0.014548845118021694,-0.003948664205206143,0.0038745152525172153,0.0034026916138693145,0.03452788489763963,0.03861576467364237,-0.002218470614313484,-7.481419908559617e-05,-0.0006930525929224045,0.030538866847397275,-0.042032884860687514,0.0034696642900679292,0.018916598162222277,-0.04136964366918325,-0.008093358882105424,-0.009800709505034892,-0.004745164410851129,-0.007738778681882782,-0.0006575226421381097,-0.002994773149438772,-0.01503785413898869,-0.017129411278266074,-0.008369820126588746,-0.005643247532237,0.019482532107872933,0.01503420497914357,0.012567836519617435,-0.01324829777237139,-0.017178261639797215,-0.003883483177826347,-0.0028106339197531425,0.006604807277111133,-0.0026092618070474955,0.006806421917807485,0.013946208068421718,0.0037244197756610953,-0.009044159947638838,-0.013666069376967861,-0.0018480595352749003,-0.005575172218904675,-0.020839478625366826,-0.013794276233045024,0.049386877972098814,0.015964065516346188,0.019276943764455833,-0.014591556500871862,0.008907850582947522,-0.014000867967531408,-0.010274584679033902,-0.027764811627341634,0.033533565337835865,0.0026702095793279647,-0.013352657814766935,-0.01342298276363833,-0.006889942910389558,-0.0022986247047577404,-0.0013222268222799712,0.009356601974727362,-0.02437854609500388,-0.0044480802638862905,0.016049405813989174,-0.05286348955706777,0.00878058391637244,-0.006178087182364424,0.0008431953225744106,0.02103944380441766,-0.017299574552986762,-0.0044897727404687535,0.020026236473110505,0.004038061180150465,-0.002457332977722124,-0.0027348642334768082,-0.019728551291540188,-0.0029726718072365737,-0.00845408434949429,-0.015408102782561866,0.008392383006696189,-0.019679191736285954,-0.03623889243625573,-0.021019333980526824,0.009668138219491694,0.0008367904974143868,-0.005612151715645426,0.01242506209523532,0.017885851082670517,-0.011993764774394724,0.01058735108778711,-0.01440542876097237,-0.020999350505468306,-0.0002816825288890317,-0.013261136779923941,-0.0021076975886470646,-0.01631948975629596,0.04157170940704717,-0.0017055113284347562,-0.0063789648974547555,-0.0007609903858325063,-0.0018630190615002862,0.0009853656253495453,0.006965081298844348,-0.010650025048455207,0.003531201991456903,-0.0017563596442805363,0.008710191034187837,0.005761157355157221,0.011156439367685919,0.004262982044582547,-0.00425338183421329,0.001830979716155871,-0.004305098596935948,0.004950842300029107,-0.0008299806634902919,0.0008361015703637147,-0.004707123362586153,0.007358998972989731,-0.013317838264658552,0.009699722109316489,-0.01890849216459133,-0.014715981104975658,0.026154414617903757,-0.008741497069658141,-0.007437030263903421,-0.009378451149884927,0.016751338218579697,-0.03211140360880307,-0.0018416313792816161,0.005587820441904881,0.009957687296421519,-0.006568161683589183,-0.004645304338728911,-0.010437696302588848,0.0,-0.008828775363271408,-0.00953609202374009,0.005493177980156986,0.0008847841484637175,0.0008371363698958087,-0.001143373422531328,0.003293058138513189,0.007172552224949874,0.0004346704344635124,0.008358457264115701,-0.0026329785600181033,0.00712630484346462,-0.00866982104792921,0.008050242670993333,-0.0057464235856085856,-0.006553103136285717,-0.009123021463486104,0.00012644126542797962,0.004605132470860568,-0.009184789246414906,0.00730661557631977,0.0025003527539328723,0.004601393159953495,0.007290484232693631,0.00016376809050960844,-0.007078145033481804,0.0005762526556539854,0.002235866996548249,0.0022781078767948513,0.011739876710382078,0.0007135231809464303,0.012307930100052161,0.04182486806341666,-0.009269422435923035,0.005860979558993081,-0.045120435280469544,-0.029057318869351402,-0.0009487923810079587,-0.003626118143035244,0.0012553668305441816,0.0031283799424753978,0.002683959044643822,0.00537601606507253,0.008359195678377566,-0.004746153232812963,0.0031927607830114658,-0.007314779034571909,0.0004208407831540219,-0.013386812200890446,-0.010799620577126317,0.006514696464001573,-0.0029714753483228475,-0.0038328742032313753,0.01562351811486447,0.007602785342291219,-0.006126805215357877,-0.005530411910567021,-0.01335618462994812,0.0145910307990803,0.001542725996482559,-0.010021178133541376,-0.015444307356812279,0.003068554415664431,-0.006883527925134261,-0.001473515225135627,0.021895341573314176,0.01684768275077552,-0.04864404796150387,-0.010729461343057314,0.017544333135002217,-0.0018357310237312279,-0.0037307906581865963,0.0037854678073997623,-0.00015880434238743337,-0.010793470240960635,-0.007167299980751548,0.015464252164778116,0.0050238063992855825,0.009464713267035208,0.004907910421978982,-0.008936525975316393,-0.005458852699020432,0.0033316236103456067,0.0008705313904096516,-0.0010304728550728148,-0.008230425919410941,0.0016102992405029478,0.006879165995230147,0.004383481068619953,0.015261735629906053,-0.008304178928363182,0.007875070032303115,-0.009083660315273735,-0.006011623130262465,-0.005901706667788926,-0.0006126699090942579,0.014730305638111249,-0.00956334953024736,-0.01624663922916257,-0.001345985059804098,0.0038605511245957086,0.0010696862909978907,0.008351296849801104,-0.00045080442753566265,0.00984769293715508,-0.0011043575576584715,0.000473339030464177,-0.0064861215015975145,0.00623919884611306,0.0032906849194614864,-0.01458564404313081,-0.03411756690430431,0.031953721690803814,-0.029866374051538885,0.0001775789812920892,-0.01940662444890337,-0.0058881277830714705,-0.009049850793980968,-0.028141296940079694,0.009113539060603821,-0.022862507852480222,0.004325282779665059,0.016891932655101964,0.018614288477704324,0.009577369364970622,-0.0027632592145366342,-0.027068495534110483,0.014763571682508764,-0.008742497597693783,-0.011237983606004117,0.007972889114012912,0.0006870648619410016,-0.002448670221697137,-0.0029239340097698347,0.012929907370546008,-0.006432806270484567,0.007192934072434546,0.016569376185945443,-0.00040792285867667877,-0.009873423907671184,0.020438658617426952,-0.0038967377485098556,-0.008782058970529099,0.009111671938679943,0.009555391650205676,0.011812602953559138,-0.004133961373234706,0.03128316172968105
